,precision,recall,sensitivity,balanced_accuracy,accuracy,MCC
SVM_Predictions_MD_external_test,0.465±0.076,0.405±0.076,0.69±0.049,0.547±0.063,0.576±0.063,0.097±0.128
SVM_Predictions_ECFP4_external_test,0.647±0.0,0.524±0.0,0.786±0.0,0.655±0.0,0.673±0.0,0.322±0.0
SVM_Anika_PT_red_external_test,0.424±0.146,0.49±0.098,0.707±0.02,0.599±0.047,0.624±0.045,0.172±0.052
SVM_Predictions_PT_external_test,0.686±0.09,0.411±0.025,0.745±0.047,0.578±0.036,0.551±0.02,0.16±0.072
SVM_Anika_MD_red_external_test,0.471±0.0,0.393±0.014,0.685±0.008,0.539±0.011,0.563±0.014,0.08±0.022
SVM_Anika_ECFP_red_external_test,0.506±0.03,0.417±0.015,0.704±0.013,0.561±0.014,0.584±0.011,0.126±0.029
