,precision,recall,sensitivity,balanced_accuracy,accuracy,MCC
RF_Predictions_MD_external_test,0.476±0.019,0.477±0.026,0.722±0.012,0.599±0.019,0.637±0.019,0.199±0.036
RF_Predictions_ECFP4_external_test,0.435±0.041,0.427±0.026,0.696±0.012,0.562±0.018,0.6±0.022,0.123±0.035
RF_Anika_PT_red_external_test,0.218±0.056,0.349±0.066,0.653±0.014,0.501±0.04,0.586±0.027,-0.0±0.062
RF_Predictions_PT_external_test,0.426±0.074,0.463±0.067,0.707±0.029,0.585±0.047,0.628±0.042,0.165±0.088
RF_Anika_MD_red_external_test,0.394±0.028,0.432±0.052,0.691±0.02,0.562±0.036,0.608±0.034,0.12±0.067
RF_Anika_ECFP_red_external_test,0.335±0.028,0.364±0.035,0.659±0.015,0.511±0.025,0.563±0.031,0.021±0.048
