"","Symbol","Uniprot","entrez"
"1","PSMB11","A5LHX3",122706
"2","KDM4E","B2RXH2",390245
"3","TK2","O00142",7084
"4","LGALS9","O00182",3965
"5","TLR4","O00206",7099
"6","GRM8","O00222",2918
"7","PSMD12","O00232",5718
"8","MEN1","O00255",4221
"9","P2RY10","O00398",27334
"10","SLC33A1","O00400",9197
"11","PDE2A","O00408",5138
"12","EEF2K","O00418",29904
"13","PLK4","O00444",10733
"14","NR5A2","O00482",2494
"15","PSMD14","O00487",10213
"16","FAAH","O00519",2166
"17","GABRP","O00591",2568
"18","CES2","O00748",8824
"19","APAF1","O14727",317
"20","RIOK3","O14730",8780
"21","MAP2K7","O14733",5609
"22","CHEK1","O14757",1111
"23","GABRD","O14764",2563
"24","FFAR1","O14842",2864
"25","CASK","O14936",8573
"26","PLD2","O14939",5338
"27","DCLK1","O15075",9201
"28","MDM4","O15151",4194
"29","SLC22A2","O15244",6582
"30","OGT","O15294",8473
"31","GRM6","O15303",2916
"32","PMM2","O15305",5373
"33","HDAC3","O15379",8841
"34","BIRC5","O15392",332
"35","PLA2G10","O15496",8399
"36","PDPK1","O15530",5170
"37","KCNN4","O15554",3783
"38","CYP26A1","O43174",1592
"39","GPR39","O43194",2863
"40","MAP3K13","O43283",9175
"41","DAPK3","O43293",1613
"42","MGAM","O43451",8972
"43","BCL2L11","O43521",10018
"44","CA12","O43570",771
"45","DNPH1","O43598",10591
"46","GALR2","O43603",8811
"47","HCRTR2","O43614",3062
"48","SLC28A2","O43868",9153
"49","AKR1B10","O60218",57016
"50","PIP5K1C","O60331",23396
"51","FADS1","O60427",3992
"52","OGA","O60502",10724
"53","NMT2","O60551",9397
"54","CCNT1","O60563",904
"55","TLR2","O60603",7097
"56","ICMT","O60725",23463
"57","PFKFB2","O60825",5208
"58","RAMP1","O60894",10267
"59","CTSV","O60911",1515
"60","ROCK2","O75116",9475
"61","KDM4A","O75164",9682
"62","ADAMTS4","O75173",9507
"63","ERN1","O75460",2081
"64","LRP6","O75581",4040
"65","RPS6KA4","O75676",8986
"66","TRPA1","O75762",8989
"67","GABBR2","O75899",9568
"68","DGAT1","O75907",8694
"69","SOAT2","O75908",8435
"70","PAK3","O75914",5063
"71","BBOX1","O75936",8424
"72","CDKL5","O76039",6792
"73","PDE9A","O76083",5152
"74","DDAH1","O94760",23576
"75","USP1","O94782",7398
"76","PRKD3","O94806",23683
"77","GLS","O94925",2744
"78","KDM4B","O94953",23030
"79","CCNB2","O95067",9133
"80","KCNK2","O95069",3776
"81","CACNA1H","O95180",8912
"82","TNKS","O95271",8658
"83","RAPGEF3","O95398",10411
"84","TDP2","O95551",51567
"85","NTSR2","O95665",23620
"86","BRD1","O95696",23774
"87","ESRRB","O95718",2103
"88","OXSR1","O95747",9943
"89","GGPS1","O95749",9453
"90","MAP4K4","O95819",9448
"91","CHEK2","O96017",11200
"92","CCNE2","O96020",9134
"93","NSD2","O96028",7468
"94","LDHA","P00338",3939
"95","ALDH1A1","P00352",216
"96","DHFR","P00374",1719
"97","GSR","P00390",2936
"98","HPRT1","P00492",3251
"99","ABL1","P00519",25
"100","EGFR","P00533",1956
"101","PLG","P00747",5340
"102","PLAU","P00749",5328
"103","PLAT","P00750",5327
"104","CFB","P00751",629
"105","ADA","P00813",100
"106","CA1","P00915",759
"107","CA2","P00918",760
"108","KNG1","P01042",3827
"109","FOS","P01100",2353
"110","LDLR","P01130",3949
"111","NPPA","P01160",4878
"112","TNF","P01375",7124
"113","CHRNA1","P02708",1134
"114","RBP4","P02753",5950
"115","ALB","P02768",213
"116","CXCL10","P02778",3627
"117","F11","P03951",2160
"118","MMP1","P03956",4312
"119","PLA2G1B","P04054",5319
"120","APOB","P04114",338
"121","NR3C1","P04150",2908
"122","PRNP","P04156",5621
"123","TK1","P04183",7083
"124","HLA-DRB1","P04229",3123
"125","ERBB2","P04626",2064
"126","CAPNS1","P04632",826
"127","TP53","P04637",7157
"128","CYBB","P04839",1536
"129","CYP17A1","P05093",1586
"130","ITGB3","P05106",3690
"131","ITGB2","P05107",3689
"132","SERPINE1","P05121",5054
"133","MPO","P05164",4353
"134","IL6","P05231",3569
"135","JUN","P05412",3725
"136","LCK","P06239",3932
"137","FYN","P06241",2534
"138","PGR","P06401",5241
"139","CDK1","P06493",983
"140","NPM1","P06748",4869
"141","ITGAV","P06756",3685
"142","EPHX1","P07099",2052
"143","LDHB","P07195",3945
"144","KLK3","P07288",354
"145","ADH1A","P07327",124
"146","FES","P07332",2242
"147","CSF1R","P07333",1436
"148","PRSS2","P07478",5645
"149","CHRNG","P07510",1146
"150","HSP90AA1","P07900",3320
"151","LYN","P07948",4067
"152","GLI1","P08151",2735
"153","CHRM4","P08173",1132
"154","NR3C2","P08235",4306
"155","GUSB","P08236",2990
"156","HSP90AB1","P08238",3326
"157","ELANE","P08246",1991
"158","MMP3","P08254",4314
"159","HCK","P08631",3055
"160","ITGA5","P08648",3678
"161","F7","P08709",2155
"162","HTR1A","P08908",3350
"163","CHRM5","P08912",1133
"164","ADRA2A","P08913",150
"165","ROS1","P08922",6098
"166","FGF2","P09038",2247
"167","GSTP1","P09211",2950
"168","LGALS1","P09382",3956
"169","FBP1","P09467",2203
"170","PDGFRB","P09619",5159
"171","CTSH","P09668",1512
"172","C1S","P09871",716
"173","PARP1","P09874",142
"174","POLA1","P09884",5422
"175","ALOX5","P09917",240
"176","UCHL1","P09936",7345
"177","SBK3","P0C264",100130827
"178","PLA2G4B","P0C869",100137049
"179","TMIGD3","P0DMS9",57413
"180","GZMB","P10144",3002
"181","RARA","P10276",5914
"182","TXN","P10599",7295
"183","CTSA","P10619",5476
"184","CYP2D6","P10635",1565
"185","CYP2D6","P10635",107987478
"186","CYP2D6","P10635",107987479
"187","MAPT","P10636",4137
"188","ALPG","P10696",251
"189","KIT","P10721",3815
"190","THRA","P10827",7067
"191","THRB","P10828",7068
"192","HSPA5","P11021",3309
"193","PNMT","P11086",5409
"194","MAP2","P11137",4133
"195","HSPA8","P11142",3312
"196","LIPC","P11150",3990
"197","SLC2A2","P11168",6514
"198","SLC2A3","P11169",6515
"199","CHRM1","P11229",1128
"200","BCR","P11274",613
"201","PIM1","P11309",5292
"202","FGFR1","P11362",2260
"203","CYP19A1","P11511",1588
"204","CYP2C9","P11712",1559
"205","ODC1","P11926",4953
"206","IMPDH2","P12268",3615
"207","BMP4","P12644",652
"208","BMP1","P13497",649
"209","CCL2","P13500",6347
"210","ITGA4","P13612",3676
"211","RARG","P13631",5916
"212","ADRB3","P13945",155
"213","HSD17B1","P14061",3292
"214","CTSE","P14091",1510
"215","SELL","P14151",6402
"216","FOLR2","P14207",2350
"217","PRF1","P14222",5551
"218","SI","P14410",6476
"219","DRD2","P14416",1813
"220","AKR1A1","P14550",10327
"221","PLA2G2A","P14555",5320
"222","INSRR","P14616",3645
"223","TYR","P14679",7299
"224","IDE","P14735",3416
"225","DAO","P14920",1610
"226","BRAF","P15056",673
"227","CPA1","P15085",1357
"228","CPB1","P15086",1360
"229","FABP4","P15090",2167
"230","ANPEP","P15144",290
"231","NQO1","P15559",1728
"232","VEGFA","P15692",7422
"233","PHKG2","P15735",5261
"234","ST6GAL1","P15907",6480
"235","NQO2","P16083",4835
"236","SELP","P16109",6403
"237","PFKFB1","P16118",5207
"238","CBR1","P16152",873
"239","PDGFRA","P16234",5156
"240","MGMT","P16455",4255
"241","TSHR","P16473",7253
"242","FER","P16591",2241
"243","PRKCA","P17252",5578
"244","PTPN2","P17706",5771
"245","CHRNB2","P17787",1141
"246","PSMC3","P17980",5702
"247","ALOX12","P18054",239
"248","ADRA2B","P18089",151
"249","SRD5A1","P18405",6715
"250","GABRG2","P18507",2566
"251","ATF1","P18846",466
"252","TNNI3","P19429",7137
"253","TNFRSF1A","P19438",7132
"254","CSNK2A2","P19784",1459
"255","AOC1","P19801",26
"256","TYMP","P19971",1890
"257","PGC","P20142",5225
"258","CCNA2","P20248",890
"259","ALOX5AP","P20292",241
"260","PSMB1","P20618",5689
"261","ATP4A","P20648",495
"262","MAOA","P21397",4128
"263","TACR2","P21452",6865
"264","S1PR1","P21453",1901
"265","FPR1","P21462",2357
"266","CNR1","P21554",1268
"267","DRD1","P21728",1812
"268","TBXA2R","P21731",6915
"269","ACHE","P22303",43
"270","ENPP1","P22413",5167
"271","FGFR4","P22455",2264
"272","FGFR3","P22607",2261
"273","PRKACG","P22612",5568
"274","MMP8","P22894",4317
"275","CES1","P23141",1066
"276","PTGS1","P23219",5742
"277","GLRA1","P23415",2741
"278","RPS6KB1","P23443",6198
"279","JAK1","P23458",3716
"280","PTPRB","P23467",5787
"281","CMA1","P23946",1215
"282","SLC6A2","P23975",6530
"283","NR2F2","P24468",7026
"284","TBXAS1","P24557",6916
"285","ACP1","P24666",52
"286","CCNC","P24863",892
"287","CCNE1","P24864",898
"288","CDK2","P24941",1017
"289","HRH2","P25021",3274
"290","CXCR2","P25025",3579
"291","EDNRA","P25101",1909
"292","ACKR3","P25106",57007
"293","BRD2","P25440",6046
"294","CTSS","P25774",1520
"295","PSMA1","P25786",5682
"296","PSMA2","P25787",5683
"297","PSMA3","P25788",5684
"298","PSMA4","P25789",5685
"299","NPY1R","P25929",4886
"300","NFKBIA","P25963",4792
"301","ITGA3","P26006",3675
"302","S100A4","P26447",6275
"303","MARK3","P27448",4140
"304","RPA1","P27694",6117
"305","PDE4A","P27815",5141
"306","PIK3R1","P27986",5295
"307","PSMB9","P28065",5698
"308","PSMB6","P28072",5694
"309","PSMB5","P28074",5693
"310","HTR1D","P28221",3352
"311","HTR1B","P28222",3351
"312","HTR2A","P28223",3356
"313","HTR2C","P28335",3358
"314","HTR1E","P28566",3354
"315","HSD11B1","P28845",3290
"316","CD38","P28907",952
"317","PCSK6","P29122",5046
"318","EPHA2","P29317",1969
"319","PTPN6","P29350",5777
"320","TYK2","P29597",7297
"321","CCND3","P30281",896
"322","CDC25B","P30305",994
"323","BDKRB2","P30411",624
"324","NMT1","P30419",4836
"325","TSPO","P30536",706
"326","ADORA1","P30542",134
"327","OXTR","P30559",5021
"328","CHRNB4","P30926",1143
"329","GNRHR","P30968",2798
"330","NTSR1","P30989",4923
"331","SSTR4","P31391",6754
"332","SLC5A2","P31639",6524
"333","SLC6A4","P31645",6532
"334","CCKBR","P32239",887
"335","GPR183","P32249",1880
"336","CHRNA3","P32297",1136
"337","GRK4","P32298",2868
"338","CDA","P32320",978
"339","SLC8A1","P32418",6546
"340","MC5R","P33032",4161
"341","CYP2C19","P33261",1557
"342","DUT","P33316",1854
"343","GABRA3","P34903",2556
"344","GRK5","P34947",2869
"345","MPI","P34949",4351
"346","PTGER1","P34995",5731
"347","CRHR1","P34998",1394
"348","CRHR1","P34998",104909134
"349","PRSS3","P35030",5646
"350","CA5A","P35218",763
"351","CTNNB1","P35222",1499
"352","NOS2","P35228",4843
"353","SSTR5","P35346",6755
"354","ADRA1A","P35348",148
"355","PTGS2","P35354",5743
"356","OPRM1","P35372",4988
"357","APLNR","P35414",187
"358","GCK","P35557",2645
"359","PCK1","P35558",5105
"360","SOAT1","P35610",6646
"361","GRK3","P35626",157
"362","DDIT3","P35638",1649
"363","AHR","P35869",196
"364","CHRNA7","P36544",1139
"365","NUDT1","P36639",4521
"366","FLT3","P36888",2322
"367","ACVR1B","P36896",91
"368","TGFBR1","P36897",7046
"369","HSD17B3","P37058",3293
"370","HSD17B2","P37059",3294
"371","SCNN1A","P37088",6337
"372","AVPR1A","P37288",552
"373","BRCA1","P38398",672
"374","GRIK1","P39086",2897
"375","DDOST","P39656",1650
"376","PSMB10","P40306",5699
"377","VHL","P40337",7428
"378","MDH2","P40926",4191
"379","CSK","P41240",1445
"380","MAP3K8","P41279",1326
"381","ADCYAP1R1","P41586",117
"382","HTR2B","P41595",3357
"383","CCR2","P41597",729230
"384","STAT1","P42224",6772
"385","STAT6","P42226",6778
"386","GRIA3","P42263",2892
"387","AKR1C3","P42330",8644
"388","MTOR","P42345",2475
"389","CASP3","P42574",836
"390","CASP2","P42575",835
"391","TEC","P42680",7006
"392","ECE1","P42892",1889
"393","PTGFR","P43088",5737
"394","PTGER3","P43115",5733
"395","PTGIR","P43119",5739
"396","CTSK","P43235",1513
"397","GRK6","P43250",2870
"398","ZAP70","P43403",7535
"399","SYK","P43405",6850
"400","NAMPT","P43490",10135
"401","TNNT2","P45379",7139
"402","MAPK8","P45983",5599
"403","MAPK9","P45984",5601
"404","GPR6","P46095",2830
"405","NOTCH1","P46531",4851
"406","BDKRB1","P46663",623
"407","MAP2K3","P46734",5606
"408","GALR1","P47211",2587
"409","PLA2G4A","P47712",5321
"410","GABRA2","P47869",2555
"411","HTR5A","P47898",3361
"412","AVPR1B","P47901",553
"413","MTNR1A","P48039",4543
"414","KCNJ1","P48048",3758
"415","KCNJ6","P48051",3763
"416","PREP","P48147",5550
"417","GABRA4","P48169",2557
"418","GIPR","P48546",2696
"419","CSNK1D","P48730",1453
"420","PIK3CG","P48736",5294
"421","SLC9A3","P48764",6550
"422","MAPKAPK2","P49137",9261
"423","NPY2R","P49146",4887
"424","CDK8","P49336",1024
"425","FNTA","P49354",2339
"426","CASP4","P49662",837
"427","CXCR3","P49682",2833
"428","PRLHR","P49683",2834
"429","PSMB2","P49721",5690
"430","CLK1","P49759",1195
"431","CLK2","P49760",1196
"432","RGS4","P49798",5999
"433","KLK7","P49862",5650
"434","AGTR2","P50052",186
"435","PPOX","P50336",5498
"436","HTR6","P50406",3362
"437","DNM2","P50570",1785
"438","CDK9","P50750",1025
"439","ATP4B","P51164",496
"440","RORC","P51449",6097
"441","MMP15","P51511",4324
"442","CYP2J2","P51589",1573
"443","IRAK1","P51617",3654
"444","PSMD7","P51665",5713
"445","CCR4","P51679",1233
"446","CCR5","P51681",1234
"447","CCR6","P51684",1235
"448","CCR8","P51685",1237
"449","RPS6KA3","P51812",6197
"450","BMX","P51813",660
"451","CASP5","P51878",838
"452","MNAT1","P51948",4331
"453","GTF2A1","P52655",2957
"454","AKR1C2","P52895",1646
"455","DAPK1","P53355",1612
"456","LIMK2","P53671",3985
"457","MAPK12","P53778",6300
"458","MAPK10","P53779",5602
"459","CACNA2D1","P54289",781
"460","YARS","P54577",8565
"461","PRKAG1","P54619",5571
"462","PDE1A","P54750",5136
"463","EPHB3","P54753",2049
"464","EPHA5","P54756",2044
"465","EPHB1","P54762",2047
"466","EPHA4","P54764",2043
"467","PTPN5","P54829",84867
"468","VCP","P55072",7415
"469","F2RL1","P55085",2150
"470","MTTP","P55157",4547
"471","BRPF1","P55201",7862
"472","ADK","P55263",132
"473","GFER","P55789",2671
"474","HDAC4","P56524",9759
"475","CTBP2","P56545",1488
"476","SIK1","P57059",150094
"477","RIPK4","P57078",54101
"478","EIF4A1","P60842",1973
"479","PSMA6","P60900",5687
"480","S100A10","P60903",6281
"481","CXCR4","P61073",7852
"482","PSMC1","P62191",5700
"483","PSMC5","P62195",5705
"484","PPIA","P62937",5478
"485","FKBP1A","P62942",2280
"486","UBE2I","P63279",7329
"487","TNNC1","P63316",7134
"488","CSNK2B","P67870",1460
"489","TUBA4A","P68366",7277
"490","TUBB4B","P68371",10383
"491","CSNK2A1","P68400",1457
"492","ADAM8","P78325",101
"493","GABRE","P78334",2564
"494","PIP4K2B","P78356",8396
"495","SRPK2","P78362",6733
"496","CCNA1","P78396",8900
"497","PRKDC","P78527",5591
"498","SMAD3","P84022",4088
"499","XIAP","P98170",331
"500","CDK3","Q00526",1018
"501","CDK5","Q00535",1020
"502","CDK16","Q00536",5127
"503","CDK17","Q00537",5128
"504","SORD","Q00796",6652
"505","CACNA1B","Q00975",774
"506","MDM2","Q00987",4193
"507","RUNX1","Q01196",861
"508","AMPD3","Q01432",272
"509","FABP5","Q01469",2171
"510","CACNA1D","Q01668",776
"511","NAAA","Q02083",27163
"512","GUCY1A1","Q02108",2982
"513","DHODH","Q02127",1723
"514","PRKCE","Q02156",5581
"515","CENPE","Q02224",1062
"516","APBA1","Q02410",320
"517","TEK","Q02763",7010
"518","TOP2B","Q02880",7155
"519","PPARD","Q03181",5467
"520","RELA","Q04206",5970
"521","FOLH1","Q04609",2346
"522","PRKCQ","Q04759",5588
"523","AKR1C1","Q04828",1645
"524","DNM1","Q05193",1759
"525","PTPN12","Q05209",5782
"526","LIPE","Q05469",3991
"527","PRKCZ","Q05513",5590
"528","MBTD1","Q05BQ5",54799
"529","PTPN11","Q06124",5781
"530","BTK","Q06187",695
"531","PAX8","Q06710",7849
"532","ENPEP","Q07075",2028
"533","TNK2","Q07912",10188
"534","CYP24A1","Q07973",1591
"535","PPP3CA","Q08209",5530
"536","PDE4D","Q08499",5144
"537","PPID","Q08752",5481
"538","ADCY1","Q08828",107
"539","DMPK","Q09013",1760
"540","ABCC8","Q09428",6833
"541","SREBF2","Q12772",6721
"542","MAP4K2","Q12851",5871
"543","GRIN2A","Q12879",2903
"544","PTPN13","Q12923",5783
"545","TRAP1","Q12931",10131
"546","GRIK3","Q13003",2899
"547","PAK2","Q13177",5062
"548","STK3","Q13188",6788
"549","GRIN2B","Q13224",2904
"550","MAP3K1","Q13233",4214
"551","PRKG2","Q13237",5593
"552","GRM1","Q13255",2911
"553","PTGDR","Q13258",5729
"554","NR5A1","Q13285",2516
"555","CRHR2","Q13324",1395
"556","PTPRS","Q13332",5802
"557","PDE3B","Q13370",5140
"558","PLD1","Q13393",5337
"559","ADAM9","Q13443",8754
"560","FKBP5","Q13451",2289
"561","ROCK1","Q13464",6093
"562","TNK1","Q13470",8711
"563","BIRC3","Q13489",330
"564","TRPC3","Q13507",7222
"565","ASAH1","Q13510",427
"566","PRPF4B","Q13523",8899
"567","HDAC1","Q13547",3065
"568","CAMK2G","Q13555",818
"569","STIM1","Q13586",6786
"570","HTR4","Q13639",3360
"571","CACNA1S","Q13698",779
"572","BMPR2","Q13873",659
"573","PTK6","Q13882",5753
"574","KLF5","Q13887",688
"575","PDE7A","Q13946",5150
"576","CBFB","Q13951",865
"577","PDE6H","Q13956",5149
"578","PRKG1","Q13976",5592
"579","CAMK1","Q14012",8536
"580","PDE1C","Q14123",5137
"581","KEAP1","Q14145",9817
"582","IKBKE","Q14164",9641
"583","PTK2B","Q14289",2185
"584","GPR18","Q14330",2841
"585","GRM2","Q14416",2912
"586","SCN5A","Q14524",6331
"587","SQLE","Q14534",6713
"588","KCNJ11","Q14654",3767
"589","MELK","Q14680",9833
"590","CASP8","Q14790",841
"591","GRM3","Q14832",2913
"592","GRM4","Q14833",2914
"593","SLC10A1","Q14973",6554
"594","PSMD6","Q15008",9861
"595","SUZ12","Q15022",23512
"596","BRD3","Q15059",8019
"597","CDK5R1","Q15078",8851
"598","PDK3","Q15120",5165
"599","EBP","Q15125",10682
"600","PRKD1","Q15139",5587
"601","ERBB4","Q15303",2066
"602","EPHA7","Q15375",2045
"603","SF3B3","Q15393",23450
"604","TPSAB1","Q15661",7177
"605","NPY5R","Q15761",4889
"606","NCOA1","Q15788",8648
"607","CHRNA6","Q15825",8973
"608","GRK1","Q15835",6011
"609","SCN9A","Q15858",6335
"610","ADRM1","Q16186",11047
"611","NFE2L2","Q16236",4780
"612","NTRK3","Q16288",4916
"613","GABRA6","Q16445",2559
"614","GRIK5","Q16478",2901
"615","PKN1","Q16512",5585
"616","CAMK4","Q16566",814
"617","SLC18A3","Q16572",6572
"618","CALCRL","Q16602",10203
"619","PTGIS","Q16647",5740
"620","CYP1B1","Q16678",1545
"621","CA9","Q16790",768
"622","DDR2","Q16832",4921
"623","PFKFB4","Q16877",5210
"624","AAK1","Q2M2I8",22848
"625","HKDC1","Q2TB90",80201
"626","MYLK3","Q32MK0",91807
"627","MOGAT2","Q3SYC2",80168
"628","TUBB8","Q3ZCM7",347688
"629","SLC22A6","Q4U2R8",9356
"630","BRDT","Q58F21",676
"631","OGFRL1","Q5TC84",79627
"632","CDC42BPA","Q5VT25",8476
"633","ANO1","Q5XXA6",55107
"634","NEK5","Q6P3R8",341676
"635","NOTUM","Q6P988",147111
"636","SLC27A1","Q6PCB7",376497
"637","NCEH1","Q6PIU2",57552
"638","DPP8","Q6V1X1",54878
"639","TUBA1A","Q71U36",7846
"640","TAOK1","Q7L7X3",57551
"641","TAS1R3","Q7RTX0",83756
"642","TAS1R1","Q7RTX1",80835
"643","DPP9","Q86TI2",91039
"644","CARM1","Q86X55",10498
"645","MYLK4","Q86YV6",340156
"646","TMPRSS6","Q8IU80",164656
"647","MAP4K3","Q8IVH8",8491
"648","BRSK2","Q8IWQ3",9024
"649","NIM1K","Q8IY84",167359
"650","GABRG1","Q8N1C3",2565
"651","CA13","Q8N1Q1",377677
"652","AADAT","Q8N5Z0",51166
"653","CSNK1A1L","Q8N752",122011
"654","PIK3C3","Q8NEB9",5289
"655","TRPV1","Q8NER1",7442
"656","CSNK2A3","Q8NEV1",283106
"657","COQ8A","Q8NI60",56997
"658","PSMA8","Q8TAA3",143471
"659","UBA3","Q8TBC4",9039
"660","PIP4K2C","Q8TBX8",79837
"661","PHOSPHO1","Q8TCT1",162466
"662","PROKR1","Q8TCW9",10887
"663","NEK9","Q8TD19",91754
"664","MCOLN3","Q8TDD5",55283
"665","OXER1","Q8TDS5",165140
"666","GPR119","Q8TDV5",139760
"667","NEK7","Q8TDX7",140609
"668","PANK1","Q8TE04",53354
"669","TAS1R2","Q8TE23",80834
"670","DOT1L","Q8TEK3",84444
"671","SCARB1","Q8WTV0",949
"672","STK32A","Q8WU08",202374
"673","HDAC7","Q8WUI4",51564
"674","CCNB3","Q8WWL7",85417
"675","MYO3B","Q8WXR4",140469
"676","PIK3R5","Q8WYR1",23533
"677","NCSTN","Q92542",23385
"678","ESR2","Q92731",2100
"679","RORB","Q92753",6096
"680","HDAC2","Q92769",3066
"681","CDKL2","Q92772",8999
"682","BCL2L2","Q92843",599
"683","BCL2L2-PABPN1","Q92843",100529063
"684","COQ8B","Q96D53",79934
"685","SIRT1","Q96EB6",23411
"686","AURKB","Q96GD4",9212
"687","PBK","Q96KB5",55872
"688","EHMT2","Q96KQ7",10919
"689","MARK4","Q96L34",57787
"690","PRMT6","Q96LA8",55170
"691","SLC46A1","Q96NT5",113235
"692","CAMK1G","Q96NX5",57172
"693","QRFPR","Q96P65",84109
"694","DGAT2","Q96PD7",84649
"695","NOX5","Q96PH1",79400
"696","SMG1","Q96Q15",23049
"697","NR1H4","Q96RI1",9971
"698","SRPK1","Q96SB4",6732
"699","PSMB7","Q99436",5695
"700","LGMN","Q99538",5641
"701","P2RX7","Q99572",5027
"702","MCHR1","Q99705",2847
"703","SIGMAR1","Q99720",10280
"704","PIP5K1A","Q99755",8394
"705","MAP3K3","Q99759",4215
"706","SLC29A1","Q99808",2030
"707","SMO","Q99835",6608
"708","PRMT1","Q99873",3276
"709","SLC6A7","Q99884",6534
"710","CTRC","Q99895",11330
"711","TUBA1C","Q9BQE3",84790
"712","RIOK1","Q9BRS2",83732
"713","CRACR2A","Q9BSW2",84766
"714","ABHD6","Q9BV23",57406
"715","TUBB2B","Q9BVA1",347733
"716","CDK19","Q9BWU1",23097
"717","SUCNR1","Q9BXA5",56670
"718","HCAR1","Q9BXC0",27198
"719","ACE2","Q9BYF1",59272
"720","TPSD1","Q9BZJ3",23430
"721","PRKD2","Q9BZL6",25865
"722","NPFFR1","Q9GZQ6",64106
"723","SENP6","Q9GZR1",26054
"724","SLC5A7","Q9GZV3",60482
"725","NUAK2","Q9H093",81788
"726","MYLK2","Q9H1R3",85366
"727","S1PR5","Q9H228",53637
"728","P2RY12","Q9H244",64805
"729","SLK","Q9H2G2",9748
"730","SLC6A15","Q9H2J7",55117
"731","TAOK3","Q9H2K8",51347
"732","KCNN2","Q9H2S1",3781
"733","HIPK2","Q9H2X6",28996
"734","SLC12A5","Q9H2X9",57468
"735","HRH4","Q9H3N8",59340
"736","KDM4C","Q9H3R0",23081
"737","SRMS","Q9H3Y6",6725
"738","HIPK3","Q9H422",10114
"739","PLK3","Q9H4B4",1263
"740","ELOVL6","Q9H5J4",79071
"741","EGLN3","Q9H6Z9",112399
"742","PTGES2","Q9H7Z7",80142
"743","BRD9","Q9H8M2",65980
"744","CLK4","Q9HAZ1",57396
"745","TRPV4","Q9HBA0",59341
"746","PDF","Q9HBH1",64146
"747","MKNK2","Q9HBH9",2872
"748","RXFP1","Q9HBX9",59350
"749","APOBEC3G","Q9HC16",60489
"750","CBX8","Q9HC52",57332
"751","GBA2","Q9HCG7",57704
"752","CSNK1G1","Q9HCP0",53944
"753","SLC40A1","Q9NP59",30061
"754","TCF7L2","Q9NQB0",6934
"755","INCENP","Q9NQS7",3619
"756","PRMT8","Q9NR22",56341
"757","TLR9","Q9NR96",54106
"758","SPHK2","Q9NRA0",56848
"759","MMP26","Q9NRE1",56547
"760","SMYD2","Q9NRG4",56950
"761","LATS2","Q9NRM7",26524
"762","TPSG1","Q9NRR2",25823
"763","BMP2K","Q9NSY1",55589
"764","IRAK4","Q9NWZ3",51135
"765","SIRT5","Q9NXA8",23408
"766","P4HTM","Q9NXG6",54681
"767","QPCTL","Q9NXS2",54814
"768","SCN3A","Q9NY46",6328
"769","STK32B","Q9NY57",55351
"770","SLC5A4","Q9NY91",6527
"771","SPHK1","Q9NYA1",8877
"772","PLK2","Q9NYY3",10769
"773","ERAP1","Q9NZ08",51752
"774","PSENEN","Q9NZ42",55851
"775","EIF2AK3","Q9NZJ5",9451
"776","MARK1","Q9P0L2",4139
"777","CACNA1I","Q9P0X4",8911
"778","PAK5","Q9P286",57144
"779","EIF2AK4","Q9P2K8",440275
"780","P2RX2","Q9UBL9",22953
"781","DHCR7","Q9UBM7",1717
"782","HDAC6","Q9UBN7",10013
"783","RPS6KB2","Q9UBS0",6199
"784","UBA2","Q9UBT2",10054
"785","GHRL","Q9UBU3",51738
"786","DBF4","Q9UBU7",10926
"787","LPAR3","Q9UBY5",23566
"788","MALT1","Q9UDY8",10892
"789","STK17A","Q9UEE5",9263
"790","EPHA6","Q9UF33",285220
"791","KCNN3","Q9UGI6",3782
"792","PRKAG2","Q9UGJ0",51422
"793","POLL","Q9UGP5",27343
"794","ASIC3","Q9UHC3",9311
"795","NPC1L1","Q9UHC9",29881
"796","TBK1","Q9UHD2",29110
"797","BAZ2B","Q9UIF8",29994
"798","BAZ2A","Q9UIF9",11176
"799","DAPK2","Q9UIK4",23604
"800","LNPEP","Q9UIQ6",4012
"801","HAO1","Q9UJM8",54363
"802","TLK1","Q9UKI8",9874
"803","RCOR1","Q9UKL0",23186
"804","MAN1B1","Q9UKM7",11253
"805","HDAC9","Q9UKV0",9734
"806","KCNH3","Q9ULD8",23416
"807","NOTCH3","Q9UM47",4854
"808","GABRQ","Q9UN88",55879
"809","ADAMTS5","Q9UNA0",11096
"810","CELA1","Q9UNI1",1990
"811","SRPK3","Q9UPE1",26576
"812","AURKC","Q9UQB9",6795
"813","TRPC6","Q9Y210",7225
"814","PDE10A","Q9Y233",10846
"815","PDE10A","Q9Y233",90632
"816","AKT3","Q9Y243",10000
"817","PLAA","Q9Y263",9373
"818","CYSLTR1","Q9Y271",10800
"819","CA5B","Q9Y2D0",11238
"820","MAST1","Q9Y2H9",22983
"821","SIK3","Q9Y2K2",23387
"822","KDM2A","Q9Y2K7",22992
"823","PTPN22","Q9Y2R2",26191
"824","MAP3K2","Q9Y2U5",10746
"825","KLK5","Q9Y337",25818
"826","SLC6A5","Q9Y345",9152
"827","NAALAD2","Q9Y3Q0",10003
"828","DYRK1B","Q9Y463",9149
"829","L3MBTL1","Q9Y468",26013
"830","DAGLA","Q9Y4D2",747
"831","MAP4K5","Q9Y4K4",11183
"832","ATG4B","Q9Y4P1",23192
"833","RIPK3","Q9Y572",11035
"834","HRH3","Q9Y5N1",11255
"835","NR2E3","Q9Y5X4",10002
"836","LIPG","Q9Y5X9",9388
"837","STK24","Q9Y6E0",8428
"838","PARP3","Q9Y6F1",10039
"839","IKBKG","Q9Y6K9",8517
"840","SLCO1B1","Q9Y6L6",10599
"841","HTR3E","A5X5Y0",285242
"842","SGK1","O00141",6446
"843","PSMD11","O00231",5717
"844","BMPR1B","O00238",658
"845","CBX4","O00257",8535
"846","CDC7","O00311",8317
"847","PIK3CD","O00329",5293
"848","CCRL2","O00421",9034
"849","PIK3C2A","O00443",5286
"850","PIK3R2","O00459",5296
"851","STK25","O00506",10494
"852","PIK3C2B","O00750",5287
"853","ACACB","O00763",32
"854","SCD","O00767",6319
"855","CDK2AP1","O14519",8099
"856","CIT","O14578",11113
"857","KCNK3","O14649",3777
"858","ADAM10","O14672",102
"859","PTGES","O14684",9536
"860","PRMT5","O14744",10419
"861","TERT","O14746",7015
"862","NRP1","O14786",8829
"863","PSMA7","O14818",5688
"864","IKBKB","O14920",3551
"865","AURKA","O14965",6790
"866","GAK","O14976",2580
"867","XPO1","O14980",7514
"868","KDM6B","O15054",23135
"869","PER2","O15055",8864
"870","CHUK","O15111",1147
"871","AGPAT2","O15120",10555
"872","MUSK","O15146",4593
"873","TRIM24","O15164",8805
"874","KMO","O15229",8564
"875","SLC22A1","O15245",6580
"876","MAPK13","O15264",5603
"877","FFAR2","O15552",2867
"878","MLNR","O43193",2862
"879","PSMD3","O43242",5709
"880","MAP3K7","O43318",6885
"881","RIPK2","O43353",8767
"882","CACNA1G","O43497",8913
"883","KCNQ3","O43525",3786
"884","KCNQ2","O43526",3785
"885","HCRTR1","O43613",3061
"886","PRKAB2","O43741",5565
"887","DYRK3","O43781",8444
"888","SLC37A4","O43826",2542
"889","PDE6D","O43924",5147
"890","TMPRSS11D","O60235",9407
"891","PLIN1","O60240",5346
"892","NUAK1","O60285",9891
"893","KDM1A","O60341",23028
"894","JAK2","O60674",3717
"895","PRMT3","O60678",10196
"896","ABCC9","O60706",10060
"897","GALR3","O60755",8484
"898","HPGDS","O60760",27306
"899","CACNA1F","O60840",778
"900","BRD4","O60885",23476
"901","MITF","O75030",4286
"902","PTP4A3","O75365",11156
"903","NCOR1","O75376",9611
"904","ULK1","O75385",8408
"905","NR1I2","O75469",8856
"906","EED","O75530",8726
"907","RPS6KA5","O75582",9252
"908","STK16","O75716",8576
"909","PIK3C2G","O75747",5288
"910","SLC22A3","O75751",6581
"911","IDH1","O75874",3417
"912","PDE5A","O76074",8654
"913","STK17B","O94768",9262
"914","STK10","O94804",6793
"915","CDK14","O94921",5218
"916","INMT","O95050",11185
"917","S1PR2","O95136",9294
"918","PDE8B","O95263",8622
"919","HTR3B","O95264",9177
"920","ABCB11","O95342",8647
"921","SGPL1","O95470",8879
"922","POLR1A","O95602",25885
"923","ADCY5","O95622",111
"924","MLYCD","O95822",23417
"925","LATS1","O95835",9113
"926","CBX7","O95931",23492
"927","S1PR4","O95977",8698
"928","PAK4","O96013",10298
"929","F13A1","P00488",2162
"930","PNP","P00491",4860
"931","PGK1","P00558",5230
"932","F2","P00734",2147
"933","F9","P00740",2158
"934","F10","P00742",2159
"935","CFD","P00746",1675
"936","F12","P00748",2161
"937","REN","P00797",5972
"938","HRAS","P01112",3265
"939","PDGFB","P01127",5155
"940","GCG","P01275",2641
"941","TTR","P02766",7276
"942","ESR1","P03372",2099
"943","KLKB1","P03952",3818
"944","HMGCR","P04035",3156
"945","RAF1","P04049",5894
"946","GBA","P04062",2629
"947","FUCA1","P04066",2517
"948","PROC","P04070",5624
"949","CD74","P04233",972
"950","TUBB4A","P04350",10382
"951","GAPDH","P04406",2597
"952","NTRK1","P04629",4914
"953","CYP1A1","P04798",1543
"954","TYMS","P04818",7298
"955","ATP1A1","P05023",476
"956","APP","P05067",351
"957","ALDH2","P05091",217
"958","PRKCG","P05129",5582
"959","CYP1A2","P05177",1544
"960","ALPL","P05186",249
"961","ICAM1","P05362",3383
"962","FABP3","P05413",2170
"963","ITGB1","P05556",3688
"964","PRKCB","P05771",5579
"965","HPN","P05981",3249
"966","INSR","P06213",3643
"967","BCHE","P06276",590
"968","EIF4E","P06730",1977
"969","FCER2","P06734",2208
"970","PYGL","P06737",5836
"971","POLB","P06746",5423
"972","HEXA","P06865",3073
"973","KLK1","P06870",3816
"974","CALCA","P06881",796
"975","P4HB","P07237",5034
"976","CTSD","P07339",1509
"977","ANXA2","P07355",302
"978","CAPN1","P07384",823
"979","TUBB","P07437",203068
"980","CA3","P07451",761
"981","PRSS1","P07477",5644
"982","ADRB2","P07550",154
"983","HEXB","P07686",3074
"984","CTSL","P07711",1514
"985","CTSB","P07858",1508
"986","YES1","P07947",7525
"987","RET","P07949",5979
"988","IGF1R","P08069",3480
"989","CHRM2","P08172",1129
"990","ABCB1","P08183",5243
"991","MMP2","P08253",4313
"992","GSTA1","P08263",2938
"993","CTSG","P08311",1511
"994","MME","P08473",4311
"995","ITGA2B","P08514",3674
"996","PTPRC","P08575",5788
"997","MET","P08581",4233
"998","ADRB1","P08588",153
"999","CYP3A4","P08684",1576
"1000","CYP21A2","P08686",1589
"1001","STS","P08842",412
"1002","MMP7","P09237",4316
"1003","MMP10","P09238",4319
"1004","QDPR","P09417",5860
"1005","FGR","P09769",2268
"1006","ALPI","P09923",248
"1007","FURIN","P09958",5045
"1008","LTA4H","P09960",4048
"1009","PGA5","P0DJD9",5222
"1010","ADORA3","P0DMS8",140
"1011","HSPA1A","P0DMV8",3303
"1012","CXCL8","P10145",3576
"1013","GAA","P10253",2548
"1014","AR","P10275",367
"1015","ACR","P10323",49
"1016","BCL2","P10415",596
"1017","PTPRF","P10586",5792
"1018","CYP2C8","P10632",1558
"1019","RARB","P10826",5915
"1020","SLC2A1","P11166",6513
"1021","PYGM","P11217",5837
"1022","CHRNB1","P11230",1140
"1023","TOP1","P11387",7150
"1024","TOP2A","P11388",7153
"1025","G6PD","P11413",2539
"1026","VDR","P11473",7421
"1027","ESRRA","P11474",2101
"1028","CYP2A6","P11509",1548
"1029","CETP","P11597",1071
"1030","ADH5","P11766",128
"1031","CDK4","P11802",1019
"1032","PABPC1","P11940",26986
"1033","PCNA","P12004",5111
"1034","ACE","P12821",1636
"1035","SRC","P12931",6714
"1036","CCL5","P13501",6352
"1037","CFTR","P13569",1080
"1038","F3","P13726",2152
"1039","GYS1","P13807",2997
"1040","SLC5A1","P13866",6523
"1041","HSD3B1","P14060",3283
"1042","MIF","P14174",4282
"1043","FDPS","P14324",2224
"1044","PKM","P14618",5315
"1045","HSP90B1","P14625",7184
"1046","CCNB1","P14635",891
"1047","MMP9","P14780",4318
"1048","GABRA1","P14867",2554
"1049","IDO1","P14902",3620
"1050","AKR1B1","P15121",231
"1051","CPN1","P15169",1369
"1052","FOLR1","P15328",2348
"1053","KCNE1","P15382",3753
"1054","HPGD","P15428",3248
"1055","CYP11B1","P15538",1584
"1056","ALOX15","P16050",246
"1057","DPEP1","P16444",1800
"1058","PDE6A","P16499",5145
"1059","SELE","P16581",6401
"1060","UGT2B7","P16662",7364
"1061","PLCG2","P16885",5336
"1062","ITGA2","P17301",3673
"1063","CTRB1","P17538",1504
"1064","PRKACA","P17612",5566
"1065","CAPN2","P17655",824
"1066","AMD1","P17707",262
"1067","TPH1","P17752",7166
"1068","XBP1","P17861",7494
"1069","LGALS3","P17931",3958
"1070","IGFBP3","P17936",3486
"1071","FLT1","P17948",2321
"1072","PTPN1","P18031",5770
"1073","ITGB5","P18084",3693
"1074","PTPRA","P18433",5786
"1075","NAT1","P18440",9
"1076","GABRB1","P18505",2560
"1077","PDE6G","P18545",5148
"1078","ITGB6","P18564",3694
"1079","ADRA2C","P18825",152
"1080","CYP11B2","P19099",1585
"1081","PLCG1","P19174",5335
"1082","VCAM1","P19320",7412
"1083","HK1","P19367",3098
"1084","EIF2AK2","P19525",5610
"1085","SLC9A1","P19634",6548
"1086","RXRA","P19793",6256
"1087","NFKB1","P19838",4790
"1088","CD22","P20273",933
"1089","CHRM3","P20309",1131
"1090","NR1D1","P20393",9572
"1091","ITGAL","P20701",3683
"1092","IMPDH1","P20839",3614
"1093","MAG","P20916",4099
"1094","CDK11B","P21127",984
"1095","NT5E","P21589",4907
"1096","EPHA1","P21709",2041
"1097","C5AR1","P21730",728
"1098","FGFR2","P21802",2263
"1099","ERBB3","P21860",2065
"1100","DRD4","P21917",1815
"1101","DRD5","P21918",1816
"1102","COMT","P21964",1312
"1103","TGM2","P21980",7052
"1104","KCNA3","P22001",3738
"1105","GART","P22102",2618
"1106","KCNA5","P22460",3741
"1107","PRKACB","P22694",5567
"1108","TGM1","P22735",7051
"1109","NR4A1","P22736",3164
"1110","CA4","P22748",762
"1111","LHCGR","P22888",3973
"1112","CA6","P23280",765
"1113","PTPRG","P23470",5793
"1114","AHCY","P23526",191
"1115","CPT2","P23786",1376
"1116","FSHR","P23945",2492
"1117","GABRR1","P24046",2569
"1118","PRTN3","P24158",5657
"1119","CCND1","P24385",595
"1120","EDNRB","P24530",1910
"1121","PRKCH","P24723",5583
"1122","CXCR1","P25024",3577
"1123","FPR2","P25090",2358
"1124","GRK2","P25098",156
"1125","ADRA1D","P25100",146
"1126","TACR1","P25103",6869
"1127","PTAFR","P25105",5724
"1128","F2R","P25116",2149
"1129","ITGB7","P26010",3695
"1130","DNMT1","P26358",1786
"1131","TARS","P26639",6897
"1132","MAOB","P27338",4129
"1133","MAPK3","P27361",5595
"1134","DPP4","P27487",1803
"1135","ARNT","P27540",405
"1136","APEX1","P27695",328
"1137","DCK","P27707",1633
"1138","PSMB8","P28062",5696
"1139","PSMA5","P28066",5686
"1140","PSMB4","P28070",5692
"1141","GSTM2","P28161",2946
"1142","CHAT","P28329",1103
"1143","NMBR","P28336",4829
"1144","GABRB3","P28472",2562
"1145","MAPK1","P28482",5594
"1146","RXRB","P28702",6257
"1147","ERCC5","P28715",2073
"1148","ERCC5","P28715",100533467
"1149","LAP3","P28838",51056
"1150","ADORA2A","P29274",135
"1151","ADORA2B","P29275",136
"1152","EPHA3","P29320",2042
"1153","EPHA8","P29322",2046
"1154","EPHB2","P29323",2048
"1155","TACR3","P29371",6870
"1156","KDM5A","P29375",5927
"1157","LTK","P29376",4058
"1158","TKT","P29401",7086
"1159","CASP1","P29466",834
"1160","NOS3","P29474",4846
"1161","NOS1","P29475",4842
"1162","CCND2","P30279",894
"1163","WEE1","P30291",7465
"1164","CDC25A","P30304",993
"1165","CDC25C","P30307",995
"1166","AVPR2","P30518",554
"1167","AXL","P30530",558
"1168","SLC6A1","P30531",6529
"1169","CHRNA5","P30532",1138
"1170","GRPR","P30550",2925
"1171","AGTR1","P30556",185
"1172","PKLR","P30613",5313
"1173","ALDH3A1","P30838",218
"1174","SSTR1","P30872",6751
"1175","SSTR2","P30874",6752
"1176","HTR1F","P30939",3355
"1177","SRD5A2","P31213",6716
"1178","RRM2","P31350",6241
"1179","GABRA5","P31644",2558
"1180","AKT1","P31749",207
"1181","AKT2","P31751",208
"1182","ATIC","P31939",471
"1183","APOBEC3A","P31941",200315
"1184","APOBEC3A","P31941",100913187
"1185","CCKAR","P32238",886
"1186","MC4R","P32245",4160
"1187","CCR1","P32246",1230
"1188","BRS3","P32247",680
"1189","CXCR5","P32302",643
"1190","SSTR3","P32745",6753
"1191","HPD","P32754",3242
"1192","KIF5B","P33176",3799
"1193","GUCY1A2","P33402",2977
"1194","ABCC1","P33527",4363
"1195","TTK","P33981",7272
"1196","EPHX2","P34913",2053
"1197","HTR7","P34969",3363
"1198","CNR2","P34972",1269
"1199","PTPN7","P35236",5778
"1200","HRH1","P35367",3269
"1201","ADRA1B","P35368",147
"1202","RORA","P35398",6095
"1203","PTGER4","P35408",5734
"1204","DRD3","P35462",1814
"1205","SCN1A","P35498",6323
"1206","SCN4A","P35499",6329
"1207","G6PC","P35575",2538
"1208","TIE1","P35590",7075
"1209","CHKA","P35790",1119
"1210","PDE6B","P35913",5158
"1211","FLT4","P35916",2324
"1212","KDR","P35968",3791
"1213","PSMC2","P35998",5701
"1214","MAP2K2","P36507",5605
"1215","PPP1CC","P36873",5501
"1216","BMPR1A","P36894",657
"1217","ACVRL1","P37023",94
"1218","TGFBR2","P37173",7048
"1219","PPARG","P37231",5468
"1220","FDFT1","P37268",2222
"1221","SNCA","P37840",6622
"1222","LIPA","P38571",3988
"1223","FEN1","P39748",2237
"1224","PLA2G5","P39877",5322
"1225","MMP12","P39900",4321
"1226","MPL","P40238",4352
"1227","STAT3","P40763",6774
"1228","OPRD1","P41143",4985
"1229","OPRK1","P41145",4986
"1230","OPRL1","P41146",4987
"1231","CASR","P41180",846
"1232","KDM5C","P41229",8242
"1233","P2RY2","P41231",5029
"1234","HNF4A","P41235",3172
"1235","IARS","P41252",3376
"1236","SLC19A1","P41440",6573
"1237","VIPR2","P41587",7434
"1238","GRM5","P41594",2915
"1239","PRKCI","P41743",5584
"1240","MC3R","P41968",4159
"1241","GRIA1","P42261",2890
"1242","GRIA2","P42262",2891
"1243","PIK3CA","P42336",5290
"1244","PIK3CB","P42338",5291
"1245","TXK","P42681",7294
"1246","ABL2","P42684",27
"1247","FRK","P42685",2444
"1248","PRCP","P42785",5547
"1249","HTT","P42858",3064
"1250","SLC1A3","P43003",6507
"1251","SLC1A2","P43004",6506
"1252","SLC1A1","P43005",6505
"1253","PTGER2","P43116",5732
"1254","CA7","P43166",766
"1255","GLP1R","P43220",2740
"1256","RAD52","P43351",5893
"1257","NR4A2","P43354",4929
"1258","PTPN9","P43378",5780
"1259","CHRNA4","P43681",1137
"1260","PSMC4","P43686",5704
"1261","MMP13","P45452",4322
"1262","MAP2K4","P45985",6416
"1263","GPR4","P46093",2828
"1264","HTR3A","P46098",3359
"1265","GABRB2","P47870",2561
"1266","GCGR","P47871",2642
"1267","P2RY1","P47900",5028
"1268","LGALS7","P47929",3963
"1269","LGALS7","P47929",653499
"1270","LGALS7B","P47929",3963
"1271","LGALS7B","P47929",653499
"1272","XDH","P47989",7498
"1273","GRIA4","P48058",2893
"1274","SLC6A9","P48067",6536
"1275","NPBWR1","P48145",2831
"1276","RXRG","P48443",6258
"1277","LSS","P48449",4047
"1278","KCNJ5","P48544",3762
"1279","KCNJ3","P48549",3760
"1280","PSMD8","P48556",5714
"1281","CSNK1A1","P48729",1452
"1282","TDO2","P48775",6999
"1283","HCAR3","P49019",8843
"1284","CX3CR1","P49238",1524
"1285","SLC11A2","P49281",4891
"1286","MTNR1B","P49286",4544
"1287","FASN","P49327",2194
"1288","FNTB","P49356",2342
"1289","FNTB","P49356",100529261
"1290","CSNK1E","P49674",1454
"1291","PSMB3","P49720",5691
"1292","CLK3","P49761",1198
"1293","PSEN1","P49768",5663
"1294","PSEN2","P49810",5664
"1295","GSK3A","P49840",2931
"1296","GSK3B","P49841",2932
"1297","KHK","P50053",3795
"1298","MMP14","P50281",4323
"1299","NPY4R","P50391",5540
"1300","CPT1A","P50416",1374
"1301","METAP2","P50579",10988
"1302","CDK7","P50613",1022
"1303","PDE6C","P51160",5146
"1304","BLK","P51451",640
"1305","DUSP3","P51452",1845
"1306","MMP16","P51512",4325
"1307","GALK1","P51570",2584
"1308","P2RX1","P51575",5023
"1309","P2RY4","P51582",5030
"1310","CCR3","P51677",1232
"1311","CCR9","P51686",10803
"1312","STAT5B","P51692",6777
"1313","KCNQ1","P51787",3784
"1314","NR0B1","P51843",190
"1315","CCNH","P51946",902
"1316","NEK2","P51955",4751
"1317","JAK3","P52333",3718
"1318","MAP2K6","P52564",5608
"1319","KIF11","P52732",3832
"1320","HK2","P52789",3099
"1321","PLK1","P53350",5347
"1322","ACLY","P53396",47
"1323","METAP1","P53582",23173
"1324","PGGT1B","P53609",5229
"1325","CTSC","P53634",1075
"1326","LIMK1","P53667",3984
"1327","SLC16A1","P53985",6566
"1328","BLM","P54132",641
"1329","PRKAA2","P54646",5563
"1330","BCAT1","P54687",586
"1331","ATP12A","P54707",479
"1332","EPHB4","P54760",2050
"1333","SLC12A2","P55011",6558
"1334","PSMD4","P55036",5710
"1335","NR1H2","P55055",7376
"1336","CASP7","P55210",840
"1337","CASP9","P55211",842
"1338","CASP6","P55212",839
"1339","MARS","P56192",4141
"1340","P2RX3","P56373",5024
"1341","WNT3","P56703",7473
"1342","WNT3","P56703",101929777
"1343","WNT3A","P56704",89780
"1344","BACE1","P56817",23621
"1345","HUNK","P57058",30811
"1346","RGS8","P57771",85397
"1347","IL2","P60568",3558
"1348","SEM1","P60896",7979
"1349","UBE2N","P61088",7334
"1350","RHOA","P61586",387
"1351","WDR5","P61964",11091
"1352","PPP1CA","P62136",5499
"1353","PSMC6","P62333",5706
"1354","ESRRG","P62508",2104
"1355","GRB2","P62993",2885
"1356","TUBA1B","P68363",10376
"1357","DLG4","P78352",1742
"1358","CSNK1G2","P78368",1455
"1359","ADAM17","P78536",6868
"1360","HLA-DRB3","P79483",3125
"1361","MAP3K9","P80192",4293
"1362","HSD11B2","P80365",3291
"1363","TMPRSS15","P98073",5651
"1364","CDK6","Q00534",1021
"1365","HSF1","Q00613",3297
"1366","NFKB2","Q00653",4791
"1367","PDE1B","Q01064",5153
"1368","AMPD2","Q01433",271
"1369","MC1R","Q01726",4157
"1370","SLC6A3","Q01959",6531
"1371","GUCY1B1","Q02153",2983
"1372","MAP2K1","Q02750",5604
"1373","MAP3K10","Q02779",4294
"1374","FKBP4","Q02790",2288
"1375","KMT2A","Q03164",4297
"1376","PLAUR","Q03405",5329
"1377","HGFAC","Q04756",3083
"1378","GLO1","Q04760",2739
"1379","ACVR1","Q04771",90
"1380","MST1R","Q04912",4486
"1381","PTK2","Q05397",5747
"1382","GRIN1","Q05586",2902
"1383","PRKCD","Q05655",5580
"1384","CHRNB3","Q05901",1142
"1385","FPGS","Q05932",2356
"1386","TYRO3","Q06418",7301
"1387","RAD51","Q06609",5888
"1388","CHRND","Q07001",1144
"1389","CDK18","Q07002",5129
"1390","PDE4B","Q07343",5142
"1391","BCL2L1","Q07817",598
"1392","MCL1","Q07820",4170
"1393","PPARA","Q07869",5465
"1394","DDR1","Q08345",780
"1395","PDE4C","Q08493",5143
"1396","ITK","Q08881",3702
"1397","MGAT3","Q09327",4248
"1398","EP300","Q09472",2033
"1399","MGAT2","Q10469",4247
"1400","KCNMA1","Q12791",3778
"1401","KCNH2","Q12809",3757
"1402","MAP3K12","Q12852",7786
"1403","MERTK","Q12866",10461
"1404","FAP","Q12884",2191
"1405","SLC10A2","Q12908",6555
"1406","GRIK2","Q13002",2898
"1407","STK4","Q13043",6789
"1408","ACACA","Q13085",31
"1409","PLA2G7","Q13093",7941
"1410","MTAP","Q13126",4507
"1411","PRKAA1","Q13131",5562
"1412","NR1H3","Q13133",10062
"1413","PAK1","Q13153",5058
"1414","MAP2K5","Q13163",5607
"1415","MAPK7","Q13164",5598
"1416","PSMD2","Q13200",5708
"1417","GPR17","Q13304",2840
"1418","ATM","Q13315",472
"1419","ILK","Q13418",3611
"1420","BIRC2","Q13490",329
"1421","TUBB3","Q13509",10381
"1422","PIN1","Q13526",5300
"1423","ATR","Q13535",545
"1424","RIPK1","Q13546",8737
"1425","CAMK2B","Q13554",816
"1426","CAMK2D","Q13557",817
"1427","NAE1","Q13564",8883
"1428","DYRK1A","Q13627",1859
"1429","ACVR2B","Q13705",93
"1430","ENPP2","Q13822",5168
"1431","TUBB2A","Q13885",7280
"1432","CACNA1C","Q13936",775
"1433","CDK13","Q14004",8621
"1434","GCKR","Q14397",2646
"1435","PDE3A","Q14432",5139
"1436","MBTPS1","Q14703",8720
"1437","NR1I3","Q14994",9970
"1438","KARS","Q15046",3735
"1439","EIF4H","Q15056",7458
"1440","P2RY6","Q15077",5031
"1441","AGER","Q15109",177
"1442","PDK1","Q15118",5163
"1443","PDK2","Q15119",5164
"1444","PLEC","Q15149",5339
"1445","RPS6KA2","Q15349",6196
"1446","P2RY14","Q15391",9934
"1447","RPS6KA1","Q15418",6195
"1448","TESK1","Q15569",7016
"1449","NCOA2","Q15596",10499
"1450","LTB4R","Q15722",1241
"1451","MYLK","Q15746",4638
"1452","TAB1","Q15750",10454
"1453","MAPK11","Q15759",5600
"1454","CHRNA2","Q15822",1135
"1455","STK11","Q15831",6794
"1456","EZH2","Q15910",2146
"1457","PKN2","Q16513",5586
"1458","MAPK14","Q16539",1432
"1459","BCL2A1","Q16548",597
"1460","C3AR1","Q16581",719
"1461","MAP3K11","Q16584",4296
"1462","NTRK2","Q16620",4915
"1463","PRSS8","Q16651",5652
"1464","PDK4","Q16654",5166
"1465","MAPK6","Q16659",5597
"1466","HIF1A","Q16665",3091
"1467","UGCG","Q16739",7357
"1468","QPCT","Q16769",25797
"1469","PHKG1","Q16816",5260
"1470","CYP51A1","Q16850",1595
"1471","AOC3","Q16853",8639
"1472","LTC4S","Q16873",4056
"1473","PFKFB3","Q16875",5209
"1474","MPEG1","Q2M385",219972
"1475","MMEL1","Q495T6",79258
"1476","SBK1","Q52WX2",388228
"1477","PDCD4","Q53EL6",27250
"1478","PARP10","Q53GL7",84875
"1479","MAP3K19","Q56UN5",80122
"1480","TNNI3K","Q59H18",51086
"1481","FFAR4","Q5NUL3",338557
"1482","LRRK2","Q5S007",120892
"1483","CDC42BPG","Q6DT37",55561
"1484","GPR139","Q6DWJ6",124274
"1485","ERAP2","Q6P179",64167
"1486","SLC27A4","Q6P1M0",10999
"1487","TUBA3E","Q6PEY2",112714
"1488","ULK3","Q6PHR2",25989
"1489","NPSR1","Q6W5P4",387129
"1490","DSTYK","Q6XUX3",25778
"1491","PHLPP2","Q6ZVD8",23035
"1492","HTR3D","Q70Z44",200909
"1493","MARK2","Q7KZI7",2011
"1494","TRPM8","Q7Z2W7",79054
"1495","GPR142","Q7Z601",350383
"1496","PBRM1","Q86U86",55193
"1497","TLK2","Q86UE8",11011
"1498","PIM3","Q86V86",415116
"1499","SLC47A2","Q86VL8",146802
"1500","HIPK1","Q86Z02",204851
"1501","CAMK1D","Q8IU85",57118
"1502","RASGRP3","Q8IV61",25780
"1503","MAPKAPK5","Q8IW41",8550
"1504","SIRT2","Q8IXJ6",22933
"1505","ULK2","Q8IYT8",9706
"1506","SFRP1","Q8N474",6422
"1507","MINK1","Q8N4C8",50488
"1508","DCLK2","Q8N568",166614
"1509","CAMKK1","Q8N5S9",84254
"1510","PCSK9","Q8NBP7",255738
"1511","HIPK4","Q8NE63",147746
"1512","TRPV3","Q8NET8",162514
"1513","MYO3A","Q8NEV4",53904
"1514","ANKK1","Q8NFD2",255239
"1515","TTL","Q8NG68",150465
"1516","SLC22A8","Q8TCC7",9376
"1517","MAPK15","Q8TD08",225689
"1518","BRSK1","Q8TDC3",84446
"1519","STK35","Q8TDR2",140901
"1520","HCAR2","Q8TDS4",338442
"1521","GPBAR1","Q8TDU6",151306
"1522","HASPIN","Q8TF76",83903
"1523","GRK7","Q8WTQ7",131890
"1524","APH1B","Q8WW43",83464
"1525","HTR3C","Q8WXA8",170572
"1526","RAPGEF4","Q8WZA2",11069
"1527","CPT1B","Q92523",1375
"1528","PIK3R3","Q92569",8503
"1529","DYRK2","Q92630",8445
"1530","LPAR1","Q92633",1902
"1531","RYR2","Q92736",6262
"1532","CREBBP","Q92793",1387
"1533","EZH1","Q92800",2145
"1534","KAT2B","Q92831",8850
"1535","GHSR","Q92847",2693
"1536","ABCC2","Q92887",1244
"1537","MAP4K1","Q92918",11184
"1538","BAD","Q92934",572
"1539","USP7","Q93009",7874
"1540","BHMT","Q93088",635
"1541","KISS1R","Q969F8",84634
"1542","HDAC10","Q969S8",83933
"1543","MCHR2","Q969V1",84539
"1544","APH1A","Q96BI3",51107
"1545","SGK3","Q96BR1",23678
"1546","SGK3","Q96BR1",56260
"1547","SGK3","Q96BR1",100533105
"1548","ORAI1","Q96D31",84876
"1549","HDAC11","Q96DB2",79885
"1550","SLC47A1","Q96FL8",55244
"1551","P2RY11","Q96G91",5032
"1552","CPB2","Q96IY4",1361
"1553","L3MBTL3","Q96JM7",84456
"1554","USP47","Q96K76",55031
"1555","EGLN2","Q96KS0",112398
"1556","MRGPRX1","Q96LB2",259249
"1557","SENP8","Q96LD8",123228
"1558","NLRP3","Q96P20",114548
"1559","NEK1","Q96PY6",4750
"1560","CDK15","Q96Q40",65061
"1561","ALKBH3","Q96Q83",221120
"1562","F2RL3","Q96RI0",9002
"1563","TAAR1","Q96RJ0",134864
"1564","CAMKK2","Q96RR4",10645
"1565","SLC22A12","Q96S37",116085
"1566","SCN2A","Q99250",6326
"1567","PSMD1","Q99460",5707
"1568","S1PR3","Q99500",1903
"1569","S1PR3","Q99500",286223
"1570","SORT1","Q99523",6272
"1571","MAP3K14","Q99558",9020
"1572","P2RX4","Q99571",5025
"1573","LPAR4","Q99677",2846
"1574","MAP3K5","Q99683",4217
"1575","MGLL","Q99685",11343
"1576","EPAS1","Q99814",2034
"1577","GABRG3","Q99928",2567
"1578","HSD17B14","Q9BPX1",51171
"1579","WDR77","Q9BQA1",79084
"1580","SENP7","Q9BQF6",57337
"1581","EIF2AK1","Q9BQI3",27102
"1582","MKNK1","Q9BUB5",8569
"1583","TUBB6","Q9BUF5",84617
"1584","RIOK2","Q9BVS4",55781
"1585","KIFC1","Q9BW19",3833
"1586","TSSK1B","Q9BXA7",83942
"1587","GPR174","Q9BXC1",84636
"1588","HDAC8","Q9BY41",55869
"1589","STK33","Q9BYT3",65975
"1590","ADAM33","Q9BZ11",80332
"1591","DCLK3","Q9C098",85443
"1592","GPR88","Q9GZN0",54112
"1593","EGLN1","Q9GZT9",54583
"1594","CTDSP1","Q9GZU7",58190
"1595","SIK2","Q9H0K1",23235
"1596","LPAR5","Q9H1C0",57121
"1597","PORCN","Q9H237",64840
"1598","TNKS2","Q9H2K2",80351
"1599","TUBB1","Q9H4B7",81027
"1600","DCTPP1","Q9H773",79077
"1601","SMYD3","Q9H7B4",64754
"1602","PANK3","Q9H999",79646
"1603","LPAR2","Q9HBW0",9170
"1604","NOD2","Q9HC29",64127
"1605","GPR35","Q9HC97",2859
"1606","NEK6","Q9HC98",10783
"1607","PDE11A","Q9HCR9",50940
"1608","PDE7B","Q9NP56",27115
"1609","LTB4R2","Q9NPC1",56413
"1610","KCNK9","Q9NPC2",51305
"1611","NOX4","Q9NPH5",50507
"1612","BRD7","Q9NPI1",29117
"1613","KMT5A","Q9NQR1",387893
"1614","GPR84","Q9NQS5",53831
"1615","PAK6","Q9NQU5",56924
"1616","PAK6","Q9NQU5",106821730
"1617","CYP26B1","Q9NR63",56603
"1618","TLR8","Q9NR97",51311
"1619","STK36","Q9NRP7",27148
"1620","DUSP22","Q9NRW4",56940
"1621","CYSLTR2","Q9NS75",57105
"1622","SIRT3","Q9NTG7",23410
"1623","TDP1","Q9NUW8",55775
"1624","CACNA2D2","Q9NY47",9254
"1625","TLR7","Q9NYK1",51284
"1626","MAP3K20","Q9NYL2",51776
"1627","TAS2R14","Q9NYV8",50840
"1628","TAS2R14","Q9NYV8",106707243
"1629","CISD1","Q9NZ45",55847
"1630","PLA2G2E","Q9NZK7",30814
"1631","TRPM5","Q9NZQ8",29850
"1632","SENP1","Q9P0U3",29843
"1633","PIM2","Q9P1W9",11040
"1634","STK26","Q9P289",51765
"1635","DNMT3B","Q9UBC3",1789
"1636","SAE1","Q9UBE0",10055
"1637","NLK","Q9UBE8",51701
"1638","PI4KB","Q9UBF8",5298
"1639","GABBR1","Q9UBS5",2550
"1640","CTSF","Q9UBX1",8722
"1641","STK39","Q9UEW8",27347
"1642","PRKAG3","Q9UGI9",53632
"1643","KDM5B","Q9UGL1",10765
"1644","PARP2","Q9UGN5",10038
"1645","DPP7","Q9UHL4",29952
"1646","CNOT7","Q9UIV1",29883
"1647","RPS6KA6","Q9UK32",27330
"1648","TNIK","Q9UKE5",23043
"1649","UTS2R","Q9UKP6",2837
"1650","TAOK2","Q9UL54",9344
"1651","TRPC5","Q9UL62",7224
"1652","CA14","Q9ULX7",23632
"1653","MMP17","Q9ULZ9",4326
"1654","ALK","Q9UM73",238
"1655","PLA2G2D","Q9UNK4",26279
"1656","PSMD13","Q9UNM6",5719
"1657","ABCG2","Q9UNQ0",9429
"1658","GPR34","Q9UPC5",2857
"1659","SLC7A11","Q9UPY5",23657
"1660","ICK","Q9UPZ9",22858
"1661","CDK11A","Q9UQ88",728642
"1662","HDAC5","Q9UQL6",10014
"1663","CAMK2A","Q9UQM7",815
"1664","NOD1","Q9Y239",10392
"1665","HPSE","Q9Y251",10855
"1666","RCE1","Q9Y256",9986
"1667","STK38L","Q9Y2H1",23012
"1668","NISCH","Q9Y2I1",11188
"1669","GPR55","Q9Y2T6",9290
"1670","PRKAB1","Q9Y478",5564
"1671","KDM3A","Q9Y4C1",55818
"1672","CDC42BPB","Q9Y5S2",9578
"1673","NOX1","Q9Y5S8",27035
"1674","NPFFR2","Q9Y5X5",10886
"1675","PTGDR2","Q9Y5Y4",11251
"1676","ST14","Q9Y5Y6",6768
"1677","SCN10A","Q9Y5Y9",6336
"1678","BACE2","Q9Y5Z0",25825
"1679","IRAK3","Q9Y616",11213
"1680","NCOR2","Q9Y618",9612
"1681","CSNK1G3","Q9Y6M4",1456
"1682","NCOA3","Q9Y6Q9",8202
"1683","MAP3K4","Q9Y6R4",4216
