splits,accuracy,balanced_accuracy,recall,precision,AU_Prec_Rec_Curve,ROC_AUC,MCC
MCNC.RF.1.1.1,0.8125,0.8090909090909091,0.8,0.6666666666666666,0.7046428571428571,0.8727272727272728,0.5918640302493726
MCNC.SVM.1.1.1,0.6875,0.6636363636363636,0.6,0.5,0.7984126984126985,0.8545454545454545,0.3133397807202561
MCNC.RF.1.1.2,0.625,0.6031746031746031,0.42857142857142855,0.6,0.620325309611024,0.6666666666666666,0.22084711628963774
MCNC.SVM.1.1.2,0.75,0.7142857142857143,0.42857142857142855,1.0,0.7779827315541601,0.7142857142857142,0.5447047794019222
MCNC.RF.1.1.3,0.625,0.625,0.375,0.75,0.7373778998778999,0.65625,0.2886751345948129
MCNC.SVM.1.1.3,0.6875,0.6875,0.625,0.7142857142857143,0.8282816142191143,0.78125,0.3779644730092272
MCNC.RF.1.1.4,0.5333333333333333,0.5446428571428572,0.375,0.6,0.7212131618381619,0.6785714285714286,0.09449111825230681
MCNC.SVM.1.1.4,0.7333333333333333,0.7410714285714286,0.625,0.8333333333333334,0.8426913364413364,0.75,0.49099025303098287
MCNC.RF.1.1.5,0.6,0.55,0.4,0.4,0.5223989898989898,0.6599999999999999,0.1
MCNC.SVM.1.1.5,0.6,0.5,0.2,0.3333333333333333,0.4754653679653679,0.56,0.0
MCNC.RF.1.2.1,0.6875,0.7083333333333333,0.75,0.42857142857142855,0.6371212121212121,0.8020833333333333,0.363696483726654
MCNC.SVM.1.2.1,0.6875,0.7916666666666667,1.0,0.4444444444444444,0.7068452380952381,0.8958333333333334,0.5091750772173156
MCNC.RF.1.2.2,0.625,0.625,0.25,1.0,0.6677544677544678,0.625,0.3779644730092272
MCNC.SVM.1.2.2,0.625,0.625,0.25,1.0,0.7907061688311688,0.78125,0.3779644730092272
MCNC.RF.1.2.3,0.6875,0.6875,0.375,1.0,0.7795735514485514,0.75,0.48038446141526137
MCNC.SVM.1.2.3,0.625,0.625,0.625,0.625,0.8179450757575757,0.75,0.25
MCNC.RF.1.2.4,0.5,0.4727272727272727,0.4,0.2857142857142857,0.28285714285714286,0.509090909090909,-0.050964719143762556
MCNC.SVM.1.2.4,0.5625,0.5181818181818182,0.4,0.3333333333333333,0.3052489177489177,0.509090909090909,0.034815531191139566
MCNC.RF.1.2.5,0.5333333333333333,0.5625,0.125,1.0,0.6413295038295038,0.625,0.25
MCNC.SVM.1.2.5,0.6,0.6071428571428572,0.5,0.6666666666666666,0.646895985958486,0.5892857142857143,0.21821789023599236
MCNC.RF.1.3.1,1.0,1.0,1.0,1.0,1.0,1.0,1.0
MCNC.SVM.1.3.1,0.9375,0.9583333333333333,1.0,0.8,0.94375,0.9791666666666666,0.8563488385776753
MCNC.RF.1.3.2,0.375,0.49090909090909096,0.18181818181818182,0.6666666666666666,0.646494856153947,0.32727272727272727,-0.021591675854376522
MCNC.SVM.1.3.2,0.4375,0.42727272727272725,0.45454545454545453,0.625,0.7819984939303122,0.5090909090909091,-0.13483997249264842
MCNC.RF.1.3.3,0.75,0.7090909090909091,0.6,0.6,0.7563095238095239,0.8727272727272728,0.41818181818181815
MCNC.SVM.1.3.3,0.75,0.6,0.2,1.0,0.6139682539682539,0.7818181818181817,0.38297084310253526
MCNC.RF.1.3.4,0.75,0.75,0.625,0.8333333333333334,0.7793669871794872,0.703125,0.5163977794943222
MCNC.SVM.1.3.4,0.75,0.75,0.75,0.75,0.833058608058608,0.75,0.5
MCNC.RF.1.3.5,0.6666666666666666,0.6000000000000001,0.4,0.5,0.4366414141414141,0.68,0.21320071635561041
MCNC.SVM.1.3.5,0.6666666666666666,0.6000000000000001,0.4,0.5,0.5407323232323232,0.6799999999999999,0.21320071635561041
MCNC.RF.1.4.1,0.875,0.8545454545454545,0.8,0.8,0.8944444444444444,0.9090909090909091,0.7090909090909091
MCNC.SVM.1.4.1,0.8125,0.8090909090909091,0.8,0.6666666666666666,0.8930952380952379,0.9454545454545454,0.5918640302493726
MCNC.RF.1.4.2,0.5625,0.6111111111111112,0.2222222222222222,1.0,0.8153494653494655,0.7619047619047619,0.3333333333333333
MCNC.SVM.1.4.2,0.625,0.6349206349206349,0.5555555555555556,0.7142857142857143,0.7117163700497033,0.7301587301587302,0.2698412698412698
MCNC.RF.1.4.3,0.625,0.5833333333333333,0.5,0.3333333333333333,0.6742559523809524,0.7708333333333333,0.14907119849998599
MCNC.SVM.1.4.3,0.625,0.5833333333333333,0.5,0.3333333333333333,0.6330357142857143,0.6458333333333334,0.14907119849998599
MCNC.RF.1.4.4,0.625,0.625,0.5,0.6666666666666666,0.6221632534132534,0.59375,0.2581988897471611
MCNC.SVM.1.4.4,0.6875,0.6875,0.75,0.6666666666666666,0.6681318681318681,0.65625,0.3779644730092272
MCNC.RF.1.4.5,0.6,0.5892857142857143,0.42857142857142855,0.6,0.6790970933828075,0.75,0.18898223650461363
MCNC.SVM.1.4.5,0.8,0.7946428571428572,0.7142857142857143,0.8333333333333334,0.8048035298035296,0.7678571428571429,0.600099198148979
MCNC.RF.1.5.1,0.6875,0.6090909090909091,0.4,0.5,0.5088888888888888,0.8181818181818182,0.23354968324845687
MCNC.SVM.1.5.1,0.625,0.6727272727272727,0.8,0.4444444444444444,0.812121212121212,0.8545454545454545,0.32277655457716287
MCNC.RF.1.5.2,0.5625,0.5317460317460317,0.2857142857142857,0.5,0.5190622869194297,0.49206349206349204,0.07273929674533079
MCNC.SVM.1.5.2,0.625,0.5873015873015872,0.2857142857142857,0.6666666666666666,0.5881312140240711,0.4126984126984127,0.2219167619785609
MCNC.RF.1.5.3,0.6875,0.6875,0.375,1.0,0.804933608058608,0.734375,0.48038446141526137
MCNC.SVM.1.5.3,0.5625,0.5625,0.375,0.6,0.7048727314352314,0.6875,0.13483997249264842
MCNC.RF.1.5.4,0.5,0.5,0.0,0.0,0.6117830086580087,0.609375,0.0
MCNC.SVM.1.5.4,0.625,0.625,0.5,0.6666666666666666,0.7587913822288823,0.703125,0.2581988897471611
MCNC.RF.1.5.5,0.7333333333333333,0.8,1.0,0.5555555555555556,0.5912698412698413,0.74,0.5773502691896257
MCNC.SVM.1.5.5,0.6666666666666666,0.7,0.8,0.5,0.833030303030303,0.8400000000000001,0.37796447300922725
MCNC.RF.1.6.1,0.625,0.5666666666666667,0.3333333333333333,0.5,0.4676198801198801,0.4833333333333333,0.14907119849998599
MCNC.SVM.1.6.1,0.625,0.5666666666666667,0.3333333333333333,0.5,0.5506530506530506,0.4666666666666667,0.14907119849998599
MCNC.RF.1.6.2,0.6875,0.6166666666666667,0.3333333333333333,0.6666666666666666,0.6453703703703704,0.7833333333333333,0.28941438070815306
MCNC.SVM.1.6.2,0.625,0.5333333333333333,0.16666666666666666,0.5,0.5301557239057239,0.6333333333333333,0.09759000729485333
MCNC.RF.1.6.3,0.875,0.8571428571428572,0.7142857142857143,1.0,0.8464131106988249,0.7777777777777778,0.7644707871564383
MCNC.SVM.1.6.3,0.625,0.6031746031746031,0.42857142857142855,0.6,0.6622514390371532,0.634920634920635,0.22084711628963774
MCNC.RF.1.6.4,0.625,0.5666666666666667,0.3333333333333333,0.5,0.6095083157583157,0.6333333333333333,0.14907119849998599
MCNC.SVM.1.6.4,0.6875,0.6166666666666667,0.3333333333333333,0.6666666666666666,0.5557456432456432,0.4833333333333333,0.28941438070815306
MCNC.RF.1.6.5,0.6666666666666666,0.6785714285714286,0.5,0.8,0.6140515734265733,0.6785714285714286,0.37796447300922725
MCNC.SVM.1.6.5,0.6666666666666666,0.6785714285714286,0.5,0.8,0.7432640276390275,0.75,0.37796447300922725
MCNC.RF.1.7.1,0.5625,0.5634920634920635,0.5714285714285714,0.5,0.4331763474620617,0.4920634920634921,0.1259881576697424
MCNC.SVM.1.7.1,0.5625,0.5634920634920635,0.5714285714285714,0.5,0.5500335973550259,0.5238095238095238,0.1259881576697424
MCNC.RF.1.7.2,0.6875,0.6587301587301587,0.42857142857142855,0.75,0.6549646781789638,0.6825396825396826,0.363696483726654
MCNC.SVM.1.7.2,0.625,0.6031746031746031,0.42857142857142855,0.6,0.32815270047412903,0.30158730158730157,0.22084711628963774
MCNC.RF.1.7.3,0.625,0.5714285714285714,0.14285714285714285,1.0,0.6790098790098791,0.6984126984126984,0.29277002188455997
MCNC.SVM.1.7.3,0.5625,0.5317460317460317,0.2857142857142857,0.5,0.46106304409875837,0.39682539682539686,0.07273929674533079
MCNC.RF.1.7.4,0.625,0.5636363636363637,0.4,0.4,0.2728083028083028,0.4545454545454546,0.12727272727272726
MCNC.SVM.1.7.4,0.625,0.5090909090909091,0.2,0.3333333333333333,0.31828005328005327,0.5454545454545454,0.021591675854376522
MCNC.RF.1.7.5,0.5333333333333333,0.5089285714285714,0.14285714285714285,0.5,0.5247754229897087,0.6428571428571428,0.026207120918047958
MCNC.SVM.1.7.5,0.6,0.5892857142857143,0.42857142857142855,0.6,0.49101909994767134,0.5714285714285714,0.18898223650461363
MCNC.RF.1.8.1,0.8125,0.8090909090909091,0.8,0.6666666666666666,0.8605555555555555,0.9090909090909091,0.5918640302493726
MCNC.SVM.1.8.1,0.6875,0.7181818181818183,0.8,0.5,0.8854545454545455,0.8909090909090909,0.40451991747794525
MCNC.RF.1.8.2,0.625,0.6181818181818182,0.6,0.42857142857142855,0.3321825396825397,0.5818181818181818,0.22084711628963774
MCNC.SVM.1.8.2,0.5625,0.5727272727272728,0.6,0.375,0.7398611111111111,0.709090909090909,0.13483997249264842
MCNC.RF.1.8.3,0.375,0.5454545454545454,0.09090909090909091,1.0,0.8129854993491357,0.6363636363636364,0.17407765595569785
MCNC.SVM.1.8.3,0.5,0.6363636363636364,0.2727272727272727,1.0,0.8680006231142595,0.6727272727272727,0.32387513781564786
MCNC.RF.1.8.4,0.625,0.5090909090909091,0.2,0.3333333333333333,0.46922993672993674,0.5818181818181818,0.021591675854376522
MCNC.SVM.1.8.4,0.6875,0.5545454545454546,0.2,0.5,0.25906926406926406,0.4,0.15289415743128767
MCNC.RF.1.8.5,0.4375,0.4375,0.25,0.4,0.4752747252747253,0.53125,-0.13483997249264842
MCNC.SVM.1.8.5,0.5625,0.5625,0.375,0.6,0.6625315656565656,0.6875,0.13483997249264842
MCNC.RF.1.9.1,0.875,0.9,1.0,0.75,0.9742063492063491,0.9833333333333334,0.7745966692414834
MCNC.SVM.1.9.1,0.8125,0.85,1.0,0.6666666666666666,0.9436507936507936,0.9666666666666667,0.6831300510639732
MCNC.RF.1.9.2,0.5625,0.5181818181818182,0.4,0.3333333333333333,0.4437140637140637,0.5272727272727273,0.034815531191139566
MCNC.SVM.1.9.2,0.625,0.5636363636363637,0.4,0.4,0.4764285714285715,0.5818181818181819,0.12727272727272726
MCNC.RF.1.9.3,0.75,0.75,0.625,0.8333333333333334,0.7168518981018981,0.734375,0.5163977794943222
MCNC.SVM.1.9.3,0.75,0.75,0.75,0.75,0.7296130952380953,0.65625,0.5
MCNC.RF.1.9.4,0.625,0.625,0.25,1.0,0.7234227577977578,0.671875,0.3779644730092272
MCNC.SVM.1.9.4,0.625,0.625,0.25,1.0,0.8542343073593073,0.859375,0.3779644730092272
MCNC.RF.1.9.5,0.375,0.3492063492063492,0.14285714285714285,0.2,0.35958010243724525,0.42857142857142855,-0.32277655457716287
MCNC.SVM.1.9.5,0.5,0.46031746031746035,0.14285714285714285,0.3333333333333333,0.39006430077858645,0.49206349206349204,-0.10087125544480041
MCNC.RF.1.10.1,0.6875,0.6166666666666667,0.3333333333333333,0.6666666666666666,0.6486467236467236,0.75,0.28941438070815306
MCNC.SVM.1.10.1,0.8125,0.7833333333333333,0.6666666666666666,0.8,0.7703449328449329,0.8,0.5918640302493726
MCNC.RF.1.10.2,0.5,0.46031746031746035,0.14285714285714285,0.3333333333333333,0.4483124018838304,0.3650793650793651,-0.10087125544480041
MCNC.SVM.1.10.2,0.375,0.3492063492063492,0.14285714285714285,0.2,0.32005405308976737,0.2698412698412699,-0.32277655457716287
MCNC.RF.1.10.3,0.75,0.7333333333333334,0.6666666666666666,0.6666666666666666,0.759803391053391,0.8166666666666667,0.4666666666666667
MCNC.SVM.1.10.3,0.625,0.6333333333333333,0.6666666666666666,0.5,0.6774651274651274,0.75,0.2581988897471611
MCNC.RF.1.10.4,0.5625,0.6111111111111112,0.2222222222222222,1.0,0.6307212078045411,0.46031746031746035,0.3333333333333333
MCNC.SVM.1.10.4,0.375,0.3968253968253968,0.2222222222222222,0.4,0.47493656035322696,0.3650793650793651,-0.22084711628963774
MCNC.RF.1.10.5,0.6875,0.6833333333333333,0.6666666666666666,0.5714285714285714,0.4197570947570947,0.65,0.3578300267477955
MCNC.SVM.1.10.5,0.5,0.5,0.5,0.375,0.3701534576534577,0.55,0.0
MCNC.RF.2.1.1,0.4375,0.4841269841269841,0.1111111111111111,0.5,0.40311085519418854,0.20634920634920634,-0.047619047619047616
MCNC.SVM.2.1.1,0.375,0.38095238095238093,0.3333333333333333,0.42857142857142855,0.4590394944561611,0.3492063492063492,-0.23809523809523808
MCNC.RF.2.1.2,0.5625,0.4583333333333333,0.25,0.2,0.16255411255411256,0.22916666666666666,-0.0778498944161523
MCNC.SVM.2.1.2,0.4375,0.45833333333333337,0.5,0.2222222222222222,0.4725378787878788,0.6458333333333333,-0.07273929674533079
MCNC.RF.2.1.3,0.5625,0.5166666666666666,0.3333333333333333,0.4,0.32979497354497356,0.4333333333333333,0.034815531191139566
MCNC.SVM.2.1.3,0.5,0.4666666666666667,0.3333333333333333,0.3333333333333333,0.5298507048507048,0.6083333333333334,-0.06666666666666667
MCNC.RF.2.1.4,0.6,0.5714285714285714,0.14285714285714285,1.0,0.45608914894629177,0.30357142857142855,0.2857142857142857
MCNC.SVM.2.1.4,0.5333333333333333,0.5178571428571428,0.2857142857142857,0.5,0.5346522525093953,0.4642857142857143,0.040291148201269014
MCNC.RF.2.1.5,0.5333333333333333,0.4444444444444444,0.0,0.0,0.2926143301143301,0.2962962962962963,-0.21821789023599236
MCNC.SVM.2.1.5,0.6666666666666666,0.611111111111111,0.3333333333333333,0.6666666666666666,0.6372100122100122,0.5925925925925927,0.2721655269759087
MCNC.RF.2.2.1,0.5625,0.45,0.0,0.0,0.29507275132275135,0.36666666666666664,-0.2
MCNC.SVM.2.2.1,0.5625,0.48333333333333334,0.16666666666666666,0.3333333333333333,0.5581499518999519,0.6166666666666667,-0.041344911529736156
MCNC.RF.2.2.2,0.5625,0.5625,0.25,0.6666666666666666,0.4429868742368742,0.40625,0.16012815380508713
MCNC.SVM.2.2.2,0.4375,0.4375,0.125,0.3333333333333333,0.40172292984792984,0.375,-0.16012815380508713
MCNC.RF.2.2.3,0.625,0.5666666666666667,0.3333333333333333,0.5,0.4325944888444888,0.35,0.14907119849998599
MCNC.SVM.2.2.3,0.75,0.6666666666666666,0.3333333333333333,1.0,0.581845238095238,0.5833333333333333,0.4879500364742666
MCNC.RF.2.2.4,0.25,0.2,0.0,0.0,0.24784289784289787,0.2,-0.6
MCNC.SVM.2.2.4,0.4375,0.41666666666666663,0.3333333333333333,0.2857142857142857,0.412006512006512,0.6333333333333333,-0.16265001215808886
MCNC.RF.2.2.5,0.4666666666666667,0.5,0.0,0.0,0.35872981185481184,0.14285714285714288,0.0
MCNC.SVM.2.2.5,0.4,0.42857142857142855,0.0,0.0,0.6527893981018981,0.625,-0.2857142857142857
MCNC.RF.2.3.1,0.5625,0.4636363636363636,0.2,0.25,0.2643623043623044,0.4363636363636364,-0.0778498944161523
MCNC.SVM.2.3.1,0.625,0.5090909090909091,0.2,0.3333333333333333,0.24553571428571427,0.3818181818181819,0.021591675854376522
MCNC.RF.2.3.2,0.375,0.375,0.125,0.25,0.3694347319347319,0.296875,-0.2886751345948129
MCNC.SVM.2.3.2,0.4375,0.4375,0.25,0.4,0.8001259157509157,0.71875,-0.13483997249264842
MCNC.RF.2.3.3,0.5,0.47619047619047616,0.2857142857142857,0.4,0.3428057061985633,0.3650793650793651,-0.050964719143762556
MCNC.SVM.2.3.3,0.5625,0.5476190476190476,0.42857142857142855,0.5,0.5783074068788354,0.5714285714285714,0.09759000729485331
MCNC.RF.2.3.4,0.5625,0.5,0.0,0.0,0.29439994529280245,0.20634920634920637,0.0
MCNC.SVM.2.3.4,0.5,0.4444444444444444,0.0,0.0,0.49486703772418056,0.4920634920634921,-0.2277100170213244
MCNC.RF.2.3.5,0.4666666666666667,0.4464285714285714,0.14285714285714285,0.3333333333333333,0.3786166214737643,0.375,-0.1336306209562122
MCNC.SVM.2.3.5,0.4666666666666667,0.45535714285714285,0.2857142857142857,0.4,0.37869729476872327,0.375,-0.09449111825230681
MCNC.RF.2.4.1,0.5625,0.45,0.0,0.0,0.2838413900913901,0.31666666666666665,-0.2
MCNC.SVM.2.4.1,0.4375,0.41666666666666663,0.3333333333333333,0.2857142857142857,0.7151124338624338,0.6833333333333333,-0.16265001215808886
MCNC.RF.2.4.2,0.5,0.5555555555555556,0.1111111111111111,1.0,0.5993716931216931,0.5079365079365079,0.2277100170213244
MCNC.SVM.2.4.2,0.5,0.5555555555555556,0.1111111111111111,1.0,0.6537113349613349,0.5555555555555556,0.2277100170213244
MCNC.RF.2.4.3,0.5,0.4333333333333333,0.16666666666666666,0.25,0.2888826451326451,0.29999999999999993,-0.14907119849998599
MCNC.SVM.2.4.3,0.5625,0.5166666666666666,0.3333333333333333,0.4,0.3691544566544567,0.5333333333333332,0.034815531191139566
MCNC.RF.2.4.4,0.5,0.5,0.125,0.5,0.3496021339771339,0.203125,0.0
MCNC.SVM.2.4.4,0.5,0.5,0.625,0.5,0.6905013389388389,0.59375,0.0
MCNC.RF.2.4.5,0.6666666666666666,0.5340909090909092,0.25,0.3333333333333333,0.18366217116217115,0.25,0.07537783614444091
MCNC.SVM.2.4.5,0.6,0.48863636363636365,0.25,0.25,0.3793290043290043,0.6818181818181818,-0.022727272727272728
MCNC.RF.2.5.1,0.4375,0.5,0.0,0.0,0.488933674350341,0.39682539682539686,0.0
MCNC.SVM.2.5.1,0.5,0.5238095238095238,0.3333333333333333,0.6,0.6177021281187947,0.4761904761904762,0.050964719143762556
MCNC.RF.2.5.2,0.5,0.4166666666666667,0.25,0.16666666666666666,0.19379960317460315,0.3958333333333333,-0.14907119849998599
MCNC.SVM.2.5.2,0.6875,0.7083333333333333,0.75,0.42857142857142855,0.39643689643689645,0.375,0.363696483726654
MCNC.RF.2.5.3,0.5,0.4444444444444444,0.0,0.0,0.3021969102326245,0.23809523809523814,-0.2277100170213244
MCNC.SVM.2.5.3,0.4375,0.3888888888888889,0.0,0.0,0.5855029890744177,0.6507936507936507,-0.3333333333333333
MCNC.RF.2.5.4,0.5625,0.5,0.0,0.0,0.3896247601604744,0.4285714285714286,0.0
MCNC.SVM.2.5.4,0.5,0.47619047619047616,0.2857142857142857,0.4,0.6197614885114885,0.5555555555555556,-0.050964719143762556
MCNC.RF.2.5.5,0.6,0.5681818181818181,0.5,0.3333333333333333,0.23276515151515148,0.4772727272727273,0.12309149097933272
MCNC.SVM.2.5.5,0.6,0.5681818181818181,0.5,0.3333333333333333,0.2392496392496392,0.5,0.12309149097933272
MCNC.RF.2.6.1,0.5,0.5272727272727272,0.6,0.3333333333333333,0.24983225108225104,0.4,0.050964719143762556
MCNC.SVM.2.6.1,0.6875,0.7727272727272727,1.0,0.5,0.1981436618936619,0.2,0.5222329678670935
MCNC.RF.2.6.2,0.375,0.3333333333333333,0.0,0.0,0.28248309230452084,0.15873015873015872,-0.4236592728681617
MCNC.SVM.2.6.2,0.625,0.6031746031746031,0.42857142857142855,0.6,0.3786166214737643,0.4523809523809524,0.22084711628963774
MCNC.RF.2.6.3,0.6875,0.6587301587301587,0.42857142857142855,0.75,0.47990253793825216,0.5238095238095238,0.363696483726654
MCNC.SVM.2.6.3,0.5625,0.5476190476190476,0.42857142857142855,0.5,0.53000333000333,0.5079365079365079,0.09759000729485331
MCNC.RF.2.6.4,0.3125,0.4166666666666667,0.0,0.0,0.48482739482739484,0.24999999999999997,-0.3333333333333333
MCNC.SVM.2.6.4,0.5,0.5666666666666667,0.3,0.75,0.5723429348429349,0.35,0.14907119849998599
MCNC.RF.2.6.5,0.4666666666666667,0.41666666666666663,0.16666666666666666,0.25,0.2719590594590595,0.18518518518518517,-0.1846372364689991
MCNC.SVM.2.6.5,0.5333333333333333,0.5,0.3333333333333333,0.4,0.7174062049062049,0.6481481481481481,0.0
MCNC.RF.2.7.1,0.5,0.4333333333333333,0.16666666666666666,0.25,0.2584302271802272,0.2583333333333333,-0.14907119849998599
MCNC.SVM.2.7.1,0.6875,0.65,0.5,0.6,0.3673534798534799,0.44999999999999996,0.3133397807202561
MCNC.RF.2.7.2,0.8125,0.6282051282051282,0.3333333333333333,0.5,0.2177579365079365,0.5256410256410257,0.30261376633440124
MCNC.SVM.2.7.2,0.625,0.5128205128205128,0.3333333333333333,0.2,0.12792207792207794,0.30769230769230765,0.021591675854376522
MCNC.RF.2.7.3,0.4375,0.5,0.0,0.0,0.4711292565459232,0.35714285714285715,0.0
MCNC.SVM.2.7.3,0.5,0.5396825396825397,0.2222222222222222,0.6666666666666666,0.6857834295334295,0.6031746031746033,0.10087125544480041
MCNC.RF.2.7.4,0.1875,0.21428571428571427,0.0,0.0,0.3653196340696341,0.07142857142857142,-0.6546536707079771
MCNC.SVM.2.7.4,0.3125,0.32539682539682535,0.2222222222222222,0.3333333333333333,0.40223395431728765,0.22222222222222224,-0.3578300267477955
MCNC.RF.2.7.5,0.6,0.5,0.2,0.3333333333333333,0.27365800865800866,0.35,0.0
MCNC.SVM.2.7.5,0.6,0.6,0.6,0.42857142857142855,0.27435508935508934,0.4,0.18898223650461363
MCNC.RF.2.8.1,0.5,0.5,0.0,0.0,0.6357770701520702,0.515625,0.0
MCNC.SVM.2.8.1,0.6875,0.6875,0.625,0.7142857142857143,0.5335810023310024,0.421875,0.3779644730092272
MCNC.RF.2.8.2,0.625,0.5,0.0,0.0,0.24219715469715475,0.19166666666666665,0.0
MCNC.SVM.2.8.2,0.5625,0.48333333333333334,0.16666666666666666,0.3333333333333333,0.3415841103341103,0.44999999999999996,-0.041344911529736156
MCNC.RF.2.8.3,0.625,0.5,0.0,0.0,0.33472985347985346,0.4666666666666666,0.0
MCNC.SVM.2.8.3,0.5625,0.5166666666666666,0.3333333333333333,0.4,0.4850649350649351,0.5333333333333333,0.034815531191139566
MCNC.RF.2.8.4,0.625,0.5873015873015872,0.2857142857142857,0.6666666666666666,0.3853381737310309,0.4603174603174603,0.2219167619785609
MCNC.SVM.2.8.4,0.4375,0.42063492063492064,0.2857142857142857,0.3333333333333333,0.7468099360956504,0.6984126984126984,-0.16265001215808886
MCNC.RF.2.8.5,0.4375,0.3727272727272727,0.2,0.16666666666666666,0.22757478632478628,0.3363636363636364,-0.24370871833797697
MCNC.SVM.2.8.5,0.5625,0.5181818181818182,0.4,0.3333333333333333,0.23924145299145297,0.3636363636363636,0.034815531191139566
MCNC.RF.2.9.1,0.5625,0.5625,0.375,0.6,0.5576791264291264,0.5,0.13483997249264842
MCNC.SVM.2.9.1,0.75,0.75,0.625,0.8333333333333334,0.40696438977688976,0.3125,0.5163977794943222
MCNC.RF.2.9.2,0.5,0.5,0.5,0.25,0.19564393939393937,0.39583333333333337,0.0
MCNC.SVM.2.9.2,0.5625,0.4583333333333333,0.25,0.2,0.4475829725829725,0.5833333333333333,-0.0778498944161523
MCNC.RF.2.9.3,0.5,0.46031746031746035,0.14285714285714285,0.3333333333333333,0.42792604221175645,0.5238095238095238,-0.10087125544480041
MCNC.SVM.2.9.3,0.625,0.6031746031746031,0.42857142857142855,0.6,0.4644442858728573,0.4126984126984127,0.22084711628963774
MCNC.RF.2.9.4,0.4375,0.4841269841269841,0.1111111111111111,0.5,0.41612284320617654,0.253968253968254,-0.047619047619047616
MCNC.SVM.2.9.4,0.375,0.38095238095238093,0.3333333333333333,0.42857142857142855,0.6106116106116105,0.6666666666666667,-0.23809523809523808
MCNC.RF.2.9.5,0.5,0.47619047619047616,0.2857142857142857,0.4,0.3496058504987076,0.38095238095238093,-0.050964719143762556
MCNC.SVM.2.9.5,0.5,0.47619047619047616,0.2857142857142857,0.4,0.62006327006327,0.5873015873015873,-0.050964719143762556
MCNC.RF.2.10.1,0.4375,0.40476190476190477,0.14285714285714285,0.25,0.3372154631083203,0.34920634920634924,-0.21821789023599236
MCNC.SVM.2.10.1,0.1875,0.1984126984126984,0.2857142857142857,0.2,0.6767922553636838,0.6825396825396826,-0.6180700462007377
MCNC.RF.2.10.2,0.5625,0.5625,0.125,1.0,0.45802010489510486,0.28125,0.2581988897471611
MCNC.SVM.2.10.2,0.75,0.75,0.625,0.8333333333333334,0.3931256243756244,0.296875,0.5163977794943222
MCNC.RF.2.10.3,0.3125,0.3125,0.125,0.2,0.31963626651126653,0.109375,-0.40451991747794525
MCNC.SVM.2.10.3,0.4375,0.4375,0.375,0.42857142857142855,0.36993943556443554,0.265625,-0.1259881576697424
MCNC.RF.2.10.4,0.375,0.3333333333333333,0.0,0.0,0.2972030945245231,0.2142857142857143,-0.4236592728681617
MCNC.SVM.2.10.4,0.5,0.47619047619047616,0.2857142857142857,0.4,0.6242170527884814,0.6190476190476191,-0.050964719143762556
MCNC.RF.2.10.5,0.4375,0.3727272727272727,0.2,0.16666666666666666,0.2345833333333333,0.34545454545454546,-0.24370871833797697
MCNC.SVM.2.10.5,0.4375,0.3727272727272727,0.2,0.16666666666666666,0.3687445887445887,0.6636363636363637,-0.24370871833797697
MCNC.RF.3.1.1,0.5625,0.5476190476190476,0.42857142857142855,0.5,0.5752374609517467,0.6349206349206349,0.09759000729485331
MCNC.SVM.3.1.1,0.4375,0.42063492063492064,0.2857142857142857,0.3333333333333333,0.49822588126159556,0.4761904761904762,-0.16265001215808886
MCNC.RF.3.1.2,0.875,0.8571428571428572,0.7142857142857143,1.0,0.8871753246753247,0.873015873015873,0.7644707871564383
MCNC.SVM.3.1.2,0.875,0.873015873015873,0.8571428571428571,0.8571428571428571,0.88301936159079,0.873015873015873,0.746031746031746
MCNC.RF.3.1.3,0.75,0.7142857142857143,0.42857142857142855,1.0,0.7175720113220112,0.6190476190476191,0.5447047794019222
MCNC.SVM.3.1.3,0.5625,0.5476190476190476,0.42857142857142855,0.5,0.6866908884766028,0.6190476190476191,0.09759000729485331
MCNC.RF.3.1.4,0.7333333333333333,0.6666666666666666,0.3333333333333333,1.0,0.6878306878306878,0.75,0.4803844614152614
MCNC.SVM.3.1.4,0.6,0.5833333333333333,0.5,0.5,0.41836774336774335,0.5740740740740741,0.16666666666666666
MCNC.RF.3.1.5,0.8,0.75,0.6,0.75,0.8599999999999999,0.9400000000000001,0.533001790889026
MCNC.SVM.3.1.5,0.6666666666666666,0.6000000000000001,0.4,0.5,0.5364774114774115,0.6200000000000001,0.21320071635561041
MCNC.RF.3.2.1,0.75,0.75,0.5,1.0,0.7758838383838383,0.6875,0.5773502691896258
MCNC.SVM.3.2.1,0.75,0.75,0.75,0.75,0.8833739177489177,0.859375,0.5
MCNC.RF.3.2.2,0.5,0.4333333333333333,0.16666666666666666,0.25,0.43667328042328035,0.41666666666666663,-0.14907119849998599
MCNC.SVM.3.2.2,0.5,0.5666666666666667,0.8333333333333334,0.4166666666666667,0.3497169497169497,0.5166666666666667,0.14907119849998599
MCNC.RF.3.2.3,0.6875,0.6875,0.5,0.8,0.7018981018981019,0.609375,0.40451991747794525
MCNC.SVM.3.2.3,0.625,0.625,0.5,0.6666666666666666,0.7002003205128204,0.5625,0.2581988897471611
MCNC.RF.3.2.4,0.8125,0.7833333333333333,0.6666666666666666,0.8,0.6965964590964591,0.8,0.5918640302493726
MCNC.SVM.3.2.4,0.5625,0.5166666666666666,0.3333333333333333,0.4,0.5817626817626818,0.5333333333333332,0.034815531191139566
MCNC.RF.3.2.5,0.6,0.5803571428571428,0.2857142857142857,0.6666666666666666,0.6642595499738355,0.6964285714285714,0.2004459314343183
MCNC.SVM.3.2.5,0.6666666666666666,0.6517857142857143,0.42857142857142855,0.75,0.7693354264782837,0.6964285714285715,0.3424747597107866
MCNC.RF.3.3.1,0.5625,0.5625,0.25,0.6666666666666666,0.5364548645798646,0.609375,0.16012815380508713
MCNC.SVM.3.3.1,0.6875,0.6875,0.625,0.7142857142857143,0.7421765734265734,0.734375,0.3779644730092272
MCNC.RF.3.3.2,0.6875,0.7222222222222222,1.0,0.5833333333333334,0.7851370851370851,0.8253968253968254,0.5091750772173156
MCNC.SVM.3.3.2,0.6875,0.7063492063492063,0.8571428571428571,0.6,0.7750261643118785,0.8095238095238095,0.42289003161103106
MCNC.RF.3.3.3,0.75,0.7,0.5,0.75,0.7437680375180374,0.8166666666666667,0.4472135954999579
MCNC.SVM.3.3.3,0.8125,0.8166666666666667,0.8333333333333334,0.7142857142857143,0.6993742368742368,0.8,0.6180700462007377
MCNC.RF.3.3.4,0.9375,0.9285714285714286,0.8571428571428571,1.0,0.9377705627705626,0.9206349206349206,0.8783100656536799
MCNC.SVM.3.3.4,0.6875,0.6587301587301587,0.42857142857142855,0.75,0.7572017268445839,0.7777777777777778,0.363696483726654
MCNC.RF.3.3.5,0.6,0.6071428571428572,0.5,0.6666666666666666,0.7115962162837163,0.6607142857142857,0.21821789023599236
MCNC.SVM.3.3.5,0.6,0.6160714285714286,0.375,0.75,0.8293087121212122,0.8035714285714285,0.2618924633082486
MCNC.RF.3.4.1,0.8125,0.7833333333333333,0.6666666666666666,0.8,0.8341750841750841,0.8333333333333333,0.5918640302493726
MCNC.SVM.3.4.1,0.6875,0.6833333333333333,0.6666666666666666,0.5714285714285714,0.6424062049062048,0.65,0.3578300267477955
MCNC.RF.3.4.2,0.5625,0.5793650793650793,0.7142857142857143,0.5,0.7487824675324675,0.7301587301587301,0.16265001215808886
MCNC.SVM.3.4.2,0.625,0.6507936507936507,0.8571428571428571,0.5454545454545454,0.4741792929292929,0.5793650793650794,0.32277655457716287
MCNC.RF.3.4.3,0.625,0.5873015873015872,0.2857142857142857,0.6666666666666666,0.41314637743209165,0.4603174603174603,0.2219167619785609
MCNC.SVM.3.4.3,0.4375,0.42063492063492064,0.2857142857142857,0.3333333333333333,0.49822588126159556,0.4761904761904762,-0.16265001215808886
MCNC.RF.3.4.4,0.9375,0.9583333333333333,1.0,0.8,0.7666666666666666,0.9375,0.8563488385776753
MCNC.SVM.3.4.4,0.8125,0.7916666666666667,0.75,0.6,0.7697115384615385,0.7916666666666666,0.5449492609130661
MCNC.RF.3.4.5,0.5333333333333333,0.6818181818181819,0.36363636363636365,1.0,0.9112491044309228,0.75,0.36363636363636365
MCNC.SVM.3.4.5,0.7333333333333333,0.7386363636363636,0.7272727272727273,0.8888888888888888,0.8946775446775448,0.75,0.43082021842766455
MCNC.RF.3.5.1,0.625,0.5333333333333333,0.16666666666666666,0.5,0.47393301143301136,0.49999999999999994,0.09759000729485333
MCNC.SVM.3.5.1,0.625,0.6,0.5,0.5,0.5233280608280608,0.6166666666666667,0.2
MCNC.RF.3.5.2,0.875,0.8571428571428572,0.7142857142857143,1.0,0.9037153322867608,0.8730158730158731,0.7644707871564383
MCNC.SVM.3.5.2,0.6875,0.6746031746031746,0.5714285714285714,0.6666666666666666,0.7614392551892551,0.6666666666666666,0.3578300267477955
MCNC.RF.3.5.3,0.8125,0.7916666666666667,0.75,0.6,0.625,0.8125,0.5449492609130661
MCNC.SVM.3.5.3,0.75,0.8333333333333333,1.0,0.5,0.4619047619047619,0.8333333333333334,0.5773502691896258
MCNC.RF.3.5.4,0.625,0.7,0.4,1.0,0.8089335664335665,0.65,0.4472135954999579
MCNC.SVM.3.5.4,0.625,0.7,0.4,1.0,0.8821015096015096,0.8,0.4472135954999579
MCNC.RF.3.5.5,0.6666666666666666,0.55,0.2,0.5,0.4639682539682539,0.74,0.1386750490563073
MCNC.SVM.3.5.5,0.8666666666666667,0.8500000000000001,0.8,0.8,0.6987878787878787,0.8200000000000001,0.7
MCNC.RF.3.6.1,0.6875,0.6587301587301587,0.42857142857142855,0.75,0.7773964131106987,0.7936507936507936,0.363696483726654
MCNC.SVM.3.6.1,0.875,0.8888888888888888,1.0,0.7777777777777778,0.2622293381221953,0.03174603174603176,0.7777777777777778
MCNC.RF.3.6.2,0.8125,0.7833333333333333,0.6666666666666666,0.8,0.9248015873015873,0.9500000000000001,0.5918640302493726
MCNC.SVM.3.6.2,0.8125,0.7833333333333333,0.6666666666666666,0.8,0.5194800569800571,0.75,0.5918640302493726
MCNC.RF.3.6.3,0.625,0.625,0.375,0.75,0.601104797979798,0.53125,0.2886751345948129
MCNC.SVM.3.6.3,0.625,0.625,0.5,0.6666666666666666,0.6512893356643357,0.53125,0.2581988897471611
MCNC.RF.3.6.4,0.8125,0.7916666666666667,0.75,0.6,0.7535714285714286,0.875,0.5449492609130661
MCNC.SVM.3.6.4,0.875,0.9166666666666667,1.0,0.6666666666666666,1.0,1.0,0.7453559924999299
MCNC.RF.3.6.5,0.4,0.42857142857142855,0.0,0.0,0.5010548479298479,0.4464285714285714,-0.2857142857142857
MCNC.SVM.3.6.5,0.26666666666666666,0.26785714285714285,0.25,0.2857142857142857,0.5081883394383395,0.3214285714285714,-0.4642857142857143
MCNC.RF.3.7.1,0.75,0.7777777777777778,0.5555555555555556,1.0,0.8994323577656913,0.8412698412698413,0.5945883900105632
MCNC.SVM.3.7.1,0.8125,0.8333333333333333,0.6666666666666666,1.0,0.970959595959596,0.9523809523809523,0.6831300510639732
MCNC.RF.3.7.2,0.75,0.7301587301587301,0.5714285714285714,0.8,0.8369463869463869,0.8095238095238095,0.49265895172303803
MCNC.SVM.3.7.2,0.75,0.746031746031746,0.7142857142857143,0.7142857142857143,0.7474795046223617,0.761904761904762,0.49206349206349204
MCNC.RF.3.7.3,0.6875,0.5833333333333334,0.16666666666666666,1.0,0.5054806304806304,0.5166666666666666,0.3333333333333333
MCNC.SVM.3.7.3,0.6875,0.5833333333333334,0.16666666666666666,1.0,0.5214736652236651,0.49999999999999994,0.3333333333333333
MCNC.RF.3.7.4,0.625,0.7692307692307692,1.0,0.3333333333333333,0.625,0.8205128205128205,0.4236592728681617
MCNC.SVM.3.7.4,0.8125,0.7564102564102564,0.6666666666666666,0.5,0.5997474747474747,0.7435897435897436,0.4622501635210242
MCNC.RF.3.7.5,0.5333333333333333,0.5089285714285714,0.14285714285714285,0.5,0.6372341943770514,0.6607142857142857,0.026207120918047958
MCNC.SVM.3.7.5,0.4,0.39285714285714285,0.2857142857142857,0.3333333333333333,0.5175582354153783,0.4821428571428571,-0.21821789023599236
MCNC.RF.3.8.1,0.5,0.4444444444444444,0.0,0.0,0.5325963718820862,0.6666666666666667,-0.2277100170213244
MCNC.SVM.3.8.1,0.625,0.5873015873015872,0.2857142857142857,0.6666666666666666,0.4613727542298971,0.5555555555555556,0.2219167619785609
MCNC.RF.3.8.2,0.75,0.75,0.625,0.8333333333333334,0.8431490384615384,0.8125,0.5163977794943222
MCNC.SVM.3.8.2,0.75,0.75,0.75,0.75,0.35039196914196913,0.21875,0.5
MCNC.RF.3.8.3,0.5625,0.5625,0.375,0.6,0.7659416971916971,0.78125,0.13483997249264842
MCNC.SVM.3.8.3,0.625,0.625,0.875,0.5833333333333334,0.8154761904761905,0.78125,0.2886751345948129
MCNC.RF.3.8.4,0.75,0.717948717948718,0.6666666666666666,0.4,0.6777777777777778,0.8974358974358974,0.3670584895244009
MCNC.SVM.3.8.4,0.8125,0.8846153846153846,1.0,0.5,0.09950396825396825,0.0,0.6201736729460423
MCNC.RF.3.8.5,0.5625,0.5476190476190476,0.42857142857142855,0.5,0.42792604221175645,0.5238095238095238,0.09759000729485331
MCNC.SVM.3.8.5,0.375,0.36507936507936506,0.2857142857142857,0.2857142857142857,0.3185041149326864,0.30158730158730157,-0.2698412698412698
MCNC.RF.3.9.1,0.5625,0.5158730158730158,0.14285714285714285,0.5,0.4421356421356421,0.5714285714285714,0.047619047619047616
MCNC.SVM.3.9.1,0.625,0.5873015873015872,0.2857142857142857,0.6666666666666666,0.6844976452119309,0.746031746031746,0.2219167619785609
MCNC.RF.3.9.2,0.625,0.7,0.4,1.0,0.9283882783882783,0.8333333333333334,0.4472135954999579
MCNC.SVM.3.9.2,0.6875,0.7166666666666667,0.6,0.8571428571428571,0.9031898656898657,0.8,0.42289003161103106
MCNC.RF.3.9.3,0.75,0.75,0.5,1.0,0.8122996794871795,0.734375,0.5773502691896258
MCNC.SVM.3.9.3,0.75,0.75,0.5,1.0,0.7822552447552448,0.65625,0.5773502691896258
MCNC.RF.3.9.4,0.625,0.641025641025641,0.6666666666666666,0.2857142857142857,0.7454545454545454,0.7948717948717948,0.2219167619785609
MCNC.SVM.3.9.4,0.625,0.641025641025641,0.6666666666666666,0.2857142857142857,0.23357753357753358,0.5897435897435896,0.2219167619785609
MCNC.RF.3.9.5,0.8125,0.7545454545454545,0.6,0.75,0.655352564102564,0.6181818181818182,0.5449492609130661
MCNC.SVM.3.9.5,0.8125,0.7545454545454545,0.6,0.75,0.6900946275946276,0.7272727272727273,0.5449492609130661
MCNC.RF.3.10.1,0.625,0.45454545454545453,0.0,0.0,0.25982142857142854,0.43636363636363645,-0.17407765595569785
MCNC.SVM.3.10.1,0.3125,0.28181818181818186,0.2,0.125,0.22135225885225884,0.2909090909090909,-0.40451991747794525
MCNC.RF.3.10.2,0.625,0.6666666666666666,0.3333333333333333,1.0,0.8782831366164701,0.7777777777777778,0.4236592728681617
MCNC.SVM.3.10.2,0.75,0.7619047619047619,0.6666666666666666,0.8571428571428571,0.8651327838827839,0.746031746031746,0.5238095238095238
MCNC.RF.3.10.3,0.5625,0.5625,0.25,0.6666666666666666,0.6689201423576423,0.671875,0.16012815380508713
MCNC.SVM.3.10.3,0.4375,0.4375,0.25,0.4,0.5138351232101233,0.4375,-0.13483997249264842
MCNC.RF.3.10.4,0.8125,0.7545454545454545,0.6,0.75,0.671031746031746,0.8363636363636364,0.5449492609130661
MCNC.SVM.3.10.4,0.875,0.8545454545454545,0.8,0.8,0.8494444444444444,0.8909090909090909,0.7090909090909091
MCNC.RF.3.10.5,0.8125,0.7,0.4,1.0,0.7115873015873015,0.8181818181818181,0.5606119105813882
MCNC.SVM.3.10.5,0.75,0.7090909090909091,0.6,0.6,0.7537878787878787,0.8363636363636364,0.41818181818181815
MCNC.RF.4.1.1,0.5625,0.5625,0.25,0.6666666666666666,0.6380914224664225,0.625,0.16012815380508713
MCNC.SVM.4.1.1,0.5,0.5,0.375,0.5,0.47818587662337664,0.484375,0.0
MCNC.RF.4.1.2,0.4375,0.5,0.0,0.0,0.4685351685351685,0.380952380952381,0.0
MCNC.SVM.4.1.2,0.5,0.5396825396825397,0.2222222222222222,0.6666666666666666,0.5579799058965724,0.38095238095238093,0.10087125544480041
MCNC.RF.4.1.3,0.5,0.4444444444444444,0.0,0.0,0.3822834903192046,0.380952380952381,-0.2277100170213244
MCNC.SVM.4.1.3,0.5625,0.5476190476190476,0.42857142857142855,0.5,0.36965445269016695,0.4285714285714286,0.09759000729485331
MCNC.RF.4.1.4,0.6666666666666666,0.8214285714285714,1.0,0.16666666666666666,0.1,0.7142857142857143,0.32732683535398854
MCNC.SVM.4.1.4,0.6,0.32142857142857145,0.0,0.0,0.125,0.7857142857142857,-0.18898223650461363
MCNC.RF.4.1.5,0.8,0.7857142857142857,0.5714285714285714,1.0,0.7937508919651775,0.7142857142857143,0.6446583712203042
MCNC.SVM.4.1.5,0.5333333333333333,0.5357142857142857,0.5714285714285714,0.5,0.3919849991278563,0.4107142857142857,0.07142857142857142
MCNC.RF.4.2.1,0.8125,0.8174603174603174,0.8571428571428571,0.75,0.6809098639455782,0.7301587301587301,0.629940788348712
MCNC.SVM.4.2.1,0.5625,0.5793650793650793,0.7142857142857143,0.5,0.3023003781932353,0.2380952380952381,0.16265001215808886
MCNC.RF.4.2.2,0.75,0.7636363636363637,0.8,0.5714285714285714,0.6233928571428571,0.7090909090909092,0.49265895172303803
MCNC.SVM.4.2.2,0.4375,0.3181818181818182,0.0,0.0,0.2216971916971917,0.2909090909090909,-0.3892494720807615
MCNC.RF.4.2.3,0.5625,0.5166666666666666,0.3333333333333333,0.4,0.3636821511821512,0.45,0.034815531191139566
MCNC.SVM.4.2.3,0.625,0.6,0.5,0.5,0.7010778573278573,0.6666666666666667,0.2
MCNC.RF.4.2.4,0.5,0.5238095238095238,0.3333333333333333,0.6,0.6307212078045411,0.46031746031746035,0.050964719143762556
MCNC.SVM.4.2.4,0.625,0.6190476190476191,0.6666666666666666,0.6666666666666666,0.6703830891330891,0.5079365079365079,0.23809523809523808
MCNC.RF.4.2.5,0.5333333333333333,0.5089285714285714,0.14285714285714285,0.5,0.3626044590330304,0.3392857142857143,0.026207120918047958
MCNC.SVM.4.2.5,0.4666666666666667,0.45535714285714285,0.2857142857142857,0.4,0.4196038088895232,0.5,-0.09449111825230681
MCNC.RF.4.3.1,0.4375,0.46825396825396826,0.2222222222222222,0.5,0.4795868483368483,0.4285714285714286,-0.07273929674533079
MCNC.SVM.4.3.1,0.625,0.6349206349206349,0.5555555555555556,0.7142857142857143,0.6386161677828346,0.49206349206349204,0.2698412698412698
MCNC.RF.4.3.2,0.5,0.4444444444444444,0.0,0.0,0.5297880690737834,0.7142857142857143,-0.2277100170213244
MCNC.SVM.4.3.2,0.8125,0.7857142857142857,0.5714285714285714,1.0,0.32222985347985345,0.2698412698412698,0.6546536707079771
MCNC.RF.4.3.3,0.8125,0.8090909090909091,0.8,0.6666666666666666,0.5779166666666666,0.6909090909090909,0.5918640302493726
MCNC.SVM.4.3.3,0.5,0.5818181818181818,0.8,0.36363636363636365,0.4151343101343101,0.4363636363636364,0.16363636363636364
MCNC.RF.4.3.4,0.5625,0.5,0.0,0.0,0.5209583075654504,0.4920634920634921,0.0
MCNC.SVM.4.3.4,0.4375,0.42063492063492064,0.2857142857142857,0.3333333333333333,0.48357475857475857,0.4444444444444444,-0.16265001215808886
MCNC.RF.4.3.5,0.6666666666666666,0.5,0.0,0.0,0.3897330447330447,0.43000000000000005,0.0
MCNC.SVM.4.3.5,0.6,0.55,0.4,0.4,0.6125108225108225,0.58,0.1
MCNC.RF.4.4.1,0.4375,0.3833333333333333,0.16666666666666666,0.2,0.3190982628482628,0.4666666666666667,-0.24370871833797697
MCNC.SVM.4.4.1,0.3125,0.2833333333333333,0.16666666666666666,0.14285714285714285,0.3348845598845599,0.48333333333333334,-0.42289003161103106
MCNC.RF.4.4.2,0.75,0.7142857142857143,0.42857142857142855,1.0,0.7226886209029066,0.6825396825396826,0.5447047794019222
MCNC.SVM.4.4.2,0.6875,0.6904761904761905,0.7142857142857143,0.625,0.43440279958137096,0.31746031746031744,0.3779644730092272
MCNC.RF.4.4.3,0.75,0.7333333333333334,0.6666666666666666,0.6666666666666666,0.5189560439560439,0.7333333333333333,0.4666666666666667
MCNC.SVM.4.4.3,0.75,0.7333333333333334,0.6666666666666666,0.6666666666666666,0.2441445128945129,0.19999999999999996,0.4666666666666667
MCNC.RF.4.4.4,0.375,0.43333333333333335,0.2,0.5,0.5465460927960929,0.24999999999999994,-0.14907119849998599
MCNC.SVM.4.4.4,0.25,0.3,0.1,0.25,0.7625487012987013,0.6166666666666667,-0.4472135954999579
MCNC.RF.4.4.5,0.6,0.5833333333333333,0.5,0.5,0.3810846560846561,0.5185185185185185,0.16666666666666666
MCNC.SVM.4.4.5,0.4,0.3611111111111111,0.16666666666666666,0.2,0.30306499056499053,0.35185185185185186,-0.28867513459481287
MCNC.RF.4.5.1,0.625,0.5714285714285714,0.14285714285714285,1.0,0.5800440630797773,0.5555555555555556,0.29277002188455997
MCNC.SVM.4.5.1,0.5625,0.5158730158730158,0.14285714285714285,0.5,0.5381115907901621,0.5555555555555556,0.047619047619047616
MCNC.RF.4.5.2,0.6875,0.625,0.5,0.4,0.3549242424242424,0.7083333333333334,0.23354968324845687
MCNC.SVM.4.5.2,0.4375,0.5416666666666666,0.75,0.2727272727272727,0.19759615384615384,0.375,0.0778498944161523
MCNC.RF.4.5.3,0.6875,0.6875,0.375,1.0,0.8090277777777777,0.78125,0.48038446141526137
MCNC.SVM.4.5.3,0.5625,0.5625,0.5,0.5714285714285714,0.4011750402375402,0.390625,0.1259881576697424
MCNC.RF.4.5.4,0.4375,0.4841269841269841,0.1111111111111111,0.5,0.5993803264636598,0.5000000000000001,-0.047619047619047616
MCNC.SVM.4.5.4,0.375,0.4126984126984127,0.1111111111111111,0.3333333333333333,0.6071158008658009,0.5396825396825398,-0.2219167619785609
MCNC.RF.4.5.5,0.6666666666666666,0.6666666666666666,0.6666666666666666,0.5714285714285714,0.6537698412698413,0.6203703703703703,0.32732683535398854
MCNC.SVM.4.5.5,0.5333333333333333,0.5555555555555556,0.6666666666666666,0.4444444444444444,0.5884816572316571,0.537037037037037,0.1111111111111111
MCNC.RF.4.6.1,0.6875,0.5512820512820513,0.3333333333333333,0.25,0.22824074074074074,0.6153846153846154,0.09245003270420485
MCNC.SVM.4.6.1,0.5625,0.47435897435897434,0.3333333333333333,0.16666666666666666,0.4775974025974026,0.641025641025641,-0.041344911529736156
MCNC.RF.4.6.2,0.5625,0.5625,0.125,1.0,0.6933035714285714,0.65625,0.2581988897471611
MCNC.SVM.4.6.2,0.6875,0.6875,0.375,1.0,0.5202089577089577,0.34375,0.48038446141526137
MCNC.RF.4.6.3,0.5625,0.5625,0.125,1.0,0.6989793192918193,0.65625,0.2581988897471611
MCNC.SVM.4.6.3,0.625,0.625,0.625,0.625,0.5898500804750805,0.46875,0.25
MCNC.RF.4.6.4,0.625,0.5873015873015872,0.2857142857142857,0.6666666666666666,0.5796382189239332,0.7777777777777778,0.2219167619785609
MCNC.SVM.4.6.4,0.5,0.46031746031746035,0.14285714285714285,0.3333333333333333,0.5194856730571016,0.5396825396825398,-0.10087125544480041
MCNC.RF.4.6.5,0.5333333333333333,0.44999999999999996,0.2,0.25,0.33358946608946605,0.58,-0.10660035817780521
MCNC.SVM.4.6.5,0.6,0.6,0.6,0.42857142857142855,0.46768231768231766,0.54,0.18898223650461363
MCNC.RF.4.7.1,0.4375,0.4375,0.125,0.3333333333333333,0.4584099927849927,0.5,-0.16012815380508713
MCNC.SVM.4.7.1,0.375,0.375,0.25,0.3333333333333333,0.4168921356421357,0.421875,-0.2581988897471611
MCNC.RF.4.7.2,0.875,0.8,0.6,1.0,0.7885714285714285,0.7818181818181819,0.7125253031944253
MCNC.SVM.4.7.2,0.8125,0.7,0.4,1.0,0.22393731268731268,0.2363636363636364,0.5606119105813882
MCNC.RF.4.7.3,0.6875,0.6875,0.375,1.0,0.7380189255189255,0.65625,0.48038446141526137
MCNC.SVM.4.7.3,0.75,0.75,0.5,1.0,0.6451007326007325,0.4375,0.5773502691896258
MCNC.RF.4.7.4,0.625,0.5714285714285714,0.14285714285714285,1.0,0.6920983778126635,0.6746031746031746,0.29277002188455997
MCNC.SVM.4.7.4,0.5,0.46031746031746035,0.14285714285714285,0.3333333333333333,0.391265084122227,0.4920634920634921,-0.10087125544480041
MCNC.RF.4.7.5,0.5333333333333333,0.5227272727272727,0.5,0.2857142857142857,0.2773809523809524,0.6022727272727273,0.040291148201269014
MCNC.SVM.4.7.5,0.5333333333333333,0.5227272727272727,0.5,0.2857142857142857,0.6523008241758241,0.6818181818181818,0.040291148201269014
MCNC.RF.4.8.1,0.4375,0.5416666666666666,0.75,0.2727272727272727,0.19775849150849148,0.4166666666666667,0.0778498944161523
MCNC.SVM.4.8.1,0.5625,0.5416666666666667,0.5,0.2857142857142857,0.21148643023643024,0.4583333333333333,0.07273929674533079
MCNC.RF.4.8.2,0.5625,0.5158730158730158,0.14285714285714285,0.5,0.6184704184704185,0.7936507936507937,0.047619047619047616
MCNC.SVM.4.8.2,0.8125,0.7857142857142857,0.5714285714285714,1.0,0.2786692474192474,0.14285714285714285,0.6546536707079771
MCNC.RF.4.8.3,0.5625,0.6111111111111112,0.2222222222222222,1.0,0.7709686147186147,0.6825396825396826,0.3333333333333333
MCNC.SVM.4.8.3,0.625,0.6031746031746031,0.7777777777777778,0.6363636363636364,0.5525466046299379,0.4126984126984127,0.22084711628963774
MCNC.RF.4.8.4,0.5,0.5,0.5,0.375,0.31254578754578755,0.41666666666666663,0.0
MCNC.SVM.4.8.4,0.4375,0.35,0.0,0.0,0.2605024605024605,0.26666666666666666,-0.3721042037676254
MCNC.RF.4.8.5,0.625,0.6666666666666666,0.3333333333333333,1.0,0.7117914492914492,0.5714285714285714,0.4236592728681617
MCNC.SVM.4.8.5,0.5625,0.6111111111111112,0.2222222222222222,1.0,0.5120941558441559,0.46031746031746035,0.3333333333333333
MCNC.RF.4.9.1,0.75,0.8,1.0,0.6,0.43624338624338627,0.6833333333333333,0.6
MCNC.SVM.4.9.1,0.6875,0.6833333333333333,0.6666666666666666,0.5714285714285714,0.4122655122655122,0.6333333333333333,0.3578300267477955
MCNC.RF.4.9.2,0.8125,0.8125,0.625,1.0,0.8966408591408591,0.84375,0.674199862463242
MCNC.SVM.4.9.2,0.6875,0.6875,0.625,0.7142857142857143,0.3440111971361971,0.203125,0.3779644730092272
MCNC.RF.4.9.3,0.6875,0.6904761904761905,0.7142857142857143,0.625,0.8304528804528803,0.7936507936507937,0.3779644730092272
MCNC.SVM.4.9.3,0.8125,0.7857142857142857,0.5714285714285714,1.0,0.7877400377400376,0.746031746031746,0.6546536707079771
MCNC.RF.4.9.4,0.625,0.625,0.375,0.75,0.6290178571428571,0.71875,0.2886751345948129
MCNC.SVM.4.9.4,0.5625,0.5625,0.5,0.5714285714285714,0.7049715909090909,0.578125,0.1259881576697424
MCNC.RF.4.9.5,0.625,0.6,0.5,0.5,0.4197871572871573,0.5666666666666667,0.2
MCNC.SVM.4.9.5,0.5625,0.5166666666666666,0.3333333333333333,0.4,0.47406829281829277,0.5,0.034815531191139566
MCNC.RF.4.10.1,0.4375,0.375,0.25,0.14285714285714285,0.1505348817848818,0.1875,-0.21821789023599236
MCNC.SVM.4.10.1,0.4375,0.2916666666666667,0.0,0.0,0.14714660339660338,0.10416666666666669,-0.3892494720807615
MCNC.RF.4.10.2,0.5625,0.48333333333333334,0.16666666666666666,0.3333333333333333,0.295987345987346,0.3666666666666667,-0.041344911529736156
MCNC.SVM.4.10.2,0.6875,0.65,0.5,0.6,0.549512987012987,0.44999999999999996,0.3133397807202561
MCNC.RF.4.10.3,0.6875,0.6166666666666667,0.3333333333333333,0.6666666666666666,0.6996843434343433,0.6916666666666667,0.28941438070815306
MCNC.SVM.4.10.3,0.75,0.7,0.5,0.75,0.47201617826617825,0.45,0.4472135954999579
MCNC.RF.4.10.4,0.5625,0.5625,0.125,1.0,0.6370899933399934,0.59375,0.2581988897471611
MCNC.SVM.4.10.4,0.5,0.5,0.375,0.5,0.5019709457209457,0.5625,0.0
MCNC.RF.4.10.5,0.5,0.5,0.125,0.5,0.4410755910755911,0.2109375,0.0
MCNC.SVM.4.10.5,0.3125,0.3125,0.0,0.0,0.7698412698412699,0.8125,-0.48038446141526137
all.RF.1.1.1,0.75,0.5897435897435898,0.8461538461538461,0.8461538461538461,0.9136660712456053,0.6602564102564104,0.1794871794871795
all.SVM.1.1.1,0.78125,0.6730769230769231,0.8461538461538461,0.88,0.9394215263772441,0.7692307692307693,0.3268228676411533
all.RF.1.1.2,0.78125,0.65,1.0,0.7586206896551724,0.8853767832050881,0.7863636363636364,0.477059961531621
all.SVM.1.1.2,0.75,0.7090909090909091,0.8181818181818182,0.8181818181818182,0.9170469139290653,0.8181818181818182,0.41818181818181815
all.RF.1.1.3,0.8125,0.6666666666666666,1.0,0.7931034482758621,0.9231518728120252,0.8115942028985508,0.5141671091113803
all.SVM.1.1.3,0.8125,0.7681159420289855,0.8695652173913043,0.8695652173913043,0.9139519075031851,0.8019323671497585,0.5362318840579711
all.RF.1.1.4,0.6875,0.5272727272727273,0.9545454545454546,0.7,0.9169650760717736,0.8181818181818181,0.1044465935734187
all.SVM.1.1.4,0.75,0.6272727272727273,0.9545454545454546,0.75,0.8558356369703011,0.6909090909090909,0.3567530340063379
all.RF.1.1.5,0.6774193548387096,0.5523809523809524,0.9047619047619048,0.7037037037037037,0.6867148630155575,0.5904761904761905,0.1460834966964259
all.SVM.1.1.5,0.6129032258064516,0.5571428571428572,0.7142857142857143,0.7142857142857143,0.7545110671649609,0.6,0.11428571428571428
all.RF.1.2.1,0.78125,0.5514285714285714,0.96,0.8,0.774010415487884,0.5657142857142856,0.17566201313073596
all.SVM.1.2.1,0.71875,0.5628571428571428,0.84,0.8076923076923077,0.8033831831602847,0.5485714285714285,0.13315005718713654
all.RF.1.2.2,0.65625,0.5,1.0,0.65625,0.8089329833613579,0.6623376623376623,0.0
all.SVM.1.2.2,0.71875,0.699134199134199,0.7619047619047619,0.8,0.8351711962412578,0.7359307359307359,0.39072951343551293
all.RF.1.2.3,0.75,0.6363636363636364,1.0,0.7241379310344828,0.910883720681593,0.8441558441558441,0.44440090347500916
all.SVM.1.2.3,0.71875,0.6774891774891775,0.8095238095238095,0.7727272727272727,0.910375360494104,0.8138528138528139,0.36374457264445326
all.RF.1.2.4,0.8125,0.7083333333333333,0.9166666666666666,0.8461538461538461,0.8608459259714029,0.7760416666666666,0.4622501635210242
all.SVM.1.2.4,0.65625,0.6458333333333333,0.6666666666666666,0.8421052631578947,0.8507581021962907,0.703125,0.25715142542972574
all.RF.1.2.5,0.75,0.5555555555555556,1.0,0.7419354838709677,0.7433868844571346,0.6376811594202898,0.28711892307136966
all.SVM.1.2.5,0.84375,0.7898550724637681,0.9130434782608695,0.875,0.925501548023129,0.8357487922705313,0.6019292654288461
all.RF.1.3.1,0.75,0.6231884057971014,0.9130434782608695,0.7777777777777778,0.8820578536790233,0.7246376811594203,0.30508307783296046
all.SVM.1.3.1,0.75,0.7246376811594203,0.782608695652174,0.8571428571428571,0.8915438292648934,0.7777777777777778,0.4252964776724258
all.RF.1.3.2,0.84375,0.6428571428571428,1.0,0.8333333333333334,0.8079358762989172,0.6571428571428571,0.48795003647426655
all.SVM.1.3.2,0.78125,0.6542857142857142,0.88,0.8461538461538461,0.8133571750586266,0.64,0.3268228676411533
all.RF.1.3.3,0.75,0.5,1.0,0.75,0.8853046481195361,0.6822916666666667,0.0
all.SVM.1.3.3,0.78125,0.6875,0.875,0.84,0.9121739355606815,0.78125,0.3927922024247863
all.RF.1.3.4,0.65625,0.6150793650793651,0.9444444444444444,0.6296296296296297,0.8160541267523026,0.7777777777777777,0.31445669017230515
all.SVM.1.3.4,0.78125,0.7738095238095238,0.8333333333333334,0.7894736842105263,0.8707235987505596,0.8333333333333334,0.553133980780464
all.RF.1.3.5,0.8125,0.625,1.0,0.8,0.8726510195919259,0.7239583333333333,0.4472135954999579
all.SVM.1.3.5,0.625,0.5833333333333333,0.6666666666666666,0.8,0.7687256551907682,0.4895833333333333,0.14907119849998599
all.RF.1.4.1,0.71875,0.5909090909090909,1.0,0.7,0.740472240231996,0.670995670995671,0.3567530340063379
all.SVM.1.4.1,0.6875,0.6320346320346321,0.8095238095238095,0.7391304347826086,0.8434006710141901,0.7402597402597403,0.2789579047098707
all.RF.1.4.2,0.78125,0.5625,1.0,0.7741935483870968,0.7194472741124145,0.5260416666666666,0.3110855084191276
all.SVM.1.4.2,0.75,0.5833333333333333,0.9166666666666666,0.7857142857142857,0.8358680460936811,0.640625,0.2182178902359924
all.RF.1.4.3,0.75,0.5,1.0,0.75,0.8732496667376857,0.6875,0.0
all.SVM.1.4.3,0.8125,0.6666666666666667,0.9583333333333334,0.8214285714285714,0.8652096614222484,0.6927083333333334,0.4364357804719848
all.RF.1.4.4,0.71875,0.5909090909090909,1.0,0.7,0.8455728658582906,0.7316017316017316,0.3567530340063379
all.SVM.1.4.4,0.78125,0.7683982683982684,0.8095238095238095,0.85,0.8501085037279266,0.7878787878787878,0.5266354311522131
all.RF.1.4.5,0.8125,0.6666666666666667,0.9583333333333334,0.8214285714285714,0.9167443247920117,0.7968749999999999,0.4364357804719848
all.SVM.1.4.5,0.875,0.8333333333333333,0.9166666666666666,0.9166666666666666,0.9197384565536446,0.8229166666666667,0.6666666666666666
all.RF.1.5.1,0.71875,0.55,1.0,0.7096774193548387,0.7484118583950894,0.5681818181818182,0.26639771383306554
all.SVM.1.5.1,0.71875,0.6590909090909092,0.8181818181818182,0.782608695652174,0.7526903018868566,0.5909090909090908,0.3280209083173944
all.RF.1.5.2,0.78125,0.6542857142857142,0.88,0.8461538461538461,0.8397121379734558,0.6857142857142857,0.3268228676411533
all.SVM.1.5.2,0.65625,0.6771428571428572,0.64,0.8888888888888888,0.8461937988701206,0.6571428571428571,0.29523809523809524
all.RF.1.5.3,0.84375,0.6428571428571428,1.0,0.8333333333333334,0.9030241722177196,0.7457142857142858,0.48795003647426655
all.SVM.1.5.3,0.71875,0.6142857142857143,0.8,0.8333333333333334,0.847405529251329,0.6457142857142857,0.2182178902359924
all.RF.1.5.4,0.625,0.5,1.0,0.625,0.8524923110889053,0.7583333333333333,0.0
all.SVM.1.5.4,0.65625,0.575,0.9,0.6666666666666666,0.6138223046679789,0.5208333333333334,0.2
all.RF.1.5.5,0.71875,0.55,1.0,0.7096774193548387,0.8713064601213965,0.7522727272727273,0.26639771383306554
all.SVM.1.5.5,0.78125,0.759090909090909,0.8181818181818182,0.8571428571428571,0.8832375391934781,0.8,0.5056936741642399
all.RF.1.6.1,0.78125,0.6111111111111112,1.0,0.7666666666666667,0.7263080631969598,0.6135265700483092,0.4127594582445936
all.SVM.1.6.1,0.78125,0.71256038647343,0.8695652173913043,0.8333333333333334,0.7967009054106338,0.6666666666666666,0.4414147946478204
all.RF.1.6.2,0.6875,0.5454545454545454,1.0,0.6774193548387096,0.675946294285207,0.5627705627705627,0.24816038707378335
all.SVM.1.6.2,0.71875,0.6125541125541125,0.9523809523809523,0.7142857142857143,0.7378368630977439,0.6103896103896104,0.32328707534629597
all.RF.1.6.3,0.6875,0.5,1.0,0.6875,0.7710795461266922,0.7045454545454546,0.0
all.SVM.1.6.3,0.78125,0.7045454545454546,0.9090909090909091,0.8,0.8593295637607539,0.7227272727272728,0.458682472293863
all.RF.1.6.4,0.78125,0.5625,1.0,0.7741935483870968,0.8546282209224638,0.609375,0.3110855084191276
all.SVM.1.6.4,0.75,0.75,0.75,0.9,0.9333677991481002,0.7864583333333334,0.4472135954999579
all.RF.1.6.5,0.75,0.5833333333333333,0.9166666666666666,0.7857142857142857,0.9426990815868832,0.8229166666666666,0.2182178902359924
all.SVM.1.6.5,0.78125,0.8125,0.75,0.9473684210526315,0.94399917977981,0.8489583333333334,0.5510387687779837
all.RF.1.7.1,0.8125,0.5641025641025641,0.9615384615384616,0.8333333333333334,0.911521597271745,0.6666666666666666,0.20672455764868078
all.SVM.1.7.1,0.65625,0.6602564102564102,0.6538461538461539,0.8947368421052632,0.9286015517733328,0.7435897435897436,0.25471776097404686
all.RF.1.7.2,0.875,0.6666666666666666,1.0,0.8666666666666667,0.9175195781913593,0.7243589743589743,0.53748384988657
all.SVM.1.7.2,0.84375,0.7756410256410255,0.8846153846153846,0.92,0.9565781631397119,0.8333333333333333,0.5204956780951701
all.RF.1.7.3,0.625,0.5,1.0,0.625,0.808324646112094,0.6833333333333333,0.0
all.SVM.1.7.3,0.5625,0.5,0.75,0.625,0.8017110928273543,0.6833333333333333,0.0
all.RF.1.7.4,0.65625,0.575,0.9,0.6666666666666666,0.6384086573494568,0.5416666666666666,0.2
all.SVM.1.7.4,0.53125,0.5083333333333333,0.6,0.631578947368421,0.7220849903037045,0.5708333333333333,0.01642880193633814
all.RF.1.7.5,0.6875,0.5272727272727273,0.9545454545454546,0.7,0.806928377128605,0.6181818181818182,0.1044465935734187
all.SVM.1.7.5,0.59375,0.5136363636363637,0.7272727272727273,0.6956521739130435,0.804631111308668,0.6045454545454545,0.02811607785577666
all.RF.1.8.1,0.8181818181818182,0.6666666666666666,1.0,0.8,0.8304216006588369,0.7083333333333334,0.5163977794943223
all.SVM.1.8.1,0.6060606060606061,0.5555555555555556,0.6666666666666666,0.7619047619047619,0.7828873098719914,0.5648148148148149,0.10286889997472795
all.RF.1.8.2,0.6875,0.5833333333333334,1.0,0.6666666666666666,0.7409253199507103,0.74375,0.3333333333333333
all.SVM.1.8.2,0.6875,0.6166666666666667,0.9,0.6923076923076923,0.8628307551854402,0.7958333333333333,0.28941438070815306
all.RF.1.8.3,0.75,0.5416666666666667,0.9583333333333334,0.7666666666666667,0.8453926084931236,0.6119791666666667,0.14907119849998599
all.SVM.1.8.3,0.71875,0.6458333333333333,0.7916666666666666,0.8260869565217391,0.8611613389648503,0.65625,0.2809003238667948
all.RF.1.8.4,0.71875,0.5208333333333333,0.9166666666666666,0.7586206896551724,0.807237467184101,0.5104166666666667,0.061898446059017294
all.SVM.1.8.4,0.8125,0.7916666666666667,0.8333333333333334,0.9090909090909091,0.9022620489651709,0.7604166666666666,0.5449492609130661
all.RF.1.8.5,0.6875,0.4782608695652174,0.9565217391304348,0.7096774193548387,0.8602258277379125,0.7367149758454106,-0.11235088294097073
all.SVM.1.8.5,0.65625,0.5917874396135265,0.7391304347826086,0.7727272727272727,0.839306890432236,0.6714975845410629,0.17806849308658554
all.RF.1.9.1,0.7878787878787878,0.5625,1.0,0.78125,0.8875587363503552,0.665,0.3125
all.SVM.1.9.1,0.6060606060606061,0.4425,0.76,0.7307692307692307,0.8570838127667286,0.575,-0.1205527562230206
all.RF.1.9.2,0.6875,0.6103896103896104,0.8571428571428571,0.72,0.7136967850252964,0.6320346320346321,0.25365601296401685
all.SVM.1.9.2,0.78125,0.725108225108225,0.9047619047619048,0.7916666666666666,0.7758320611889158,0.7142857142857142,0.49382916465843113
all.RF.1.9.3,0.78125,0.6542857142857142,0.88,0.8461538461538461,0.8250761776308535,0.6171428571428572,0.3268228676411533
all.SVM.1.9.3,0.6875,0.7485714285714286,0.64,0.9411764705882353,0.9466533678626643,0.8171428571428572,0.41184152944810126
all.RF.1.9.4,0.71875,0.5909090909090909,1.0,0.7,0.8037430279213686,0.7705627705627706,0.3567530340063379
all.SVM.1.9.4,0.78125,0.7034632034632035,0.9523809523809523,0.7692307692307693,0.8234214440836174,0.7532467532467533,0.49517597397212765
all.RF.1.9.5,0.78125,0.6111111111111112,1.0,0.7666666666666667,0.7938987359501132,0.6473429951690821,0.4127594582445936
all.SVM.1.9.5,0.78125,0.71256038647343,0.8695652173913043,0.8333333333333334,0.9098830828773707,0.7777777777777778,0.4414147946478204
all.RF.1.10.1,0.8484848484848485,0.7472527472527473,0.9230769230769231,0.8888888888888888,0.943516409083331,0.8076923076923077,0.5241424183609591
all.SVM.1.10.1,0.7272727272727273,0.6181318681318682,0.8076923076923077,0.84,0.9316335889357862,0.7692307692307692,0.22538123989521244
all.RF.1.10.2,0.78125,0.644927536231884,0.9565217391304348,0.7857142857142857,0.8135258741613061,0.6666666666666667,0.39405520311955033
all.SVM.1.10.2,0.6875,0.681159420289855,0.6956521739130435,0.8421052631578947,0.7735475825838585,0.6570048309178744,0.3316863613133475
all.RF.1.10.3,0.78125,0.6111111111111112,1.0,0.7666666666666667,0.9675432772335635,0.9033816425120772,0.4127594582445936
all.SVM.1.10.3,0.75,0.6570048309178744,0.8695652173913043,0.8,0.8612458717688954,0.7149758454106281,0.34151450937027694
all.RF.1.10.4,0.6875,0.5120772946859903,0.9130434782608695,0.7241379310344828,0.8849223885657709,0.7053140096618358,0.03725848616749133
all.SVM.1.10.4,0.71875,0.6352657004830917,0.8260869565217391,0.7916666666666666,0.8466767435689116,0.681159420289855,0.2809003238667948
all.RF.1.10.5,0.59375,0.475,0.95,0.6129032258064516,0.7641142271609713,0.6291666666666667,-0.13912166872805048
all.SVM.1.10.5,0.59375,0.5416666666666666,0.75,0.6521739130434783,0.8022921872369174,0.6416666666666666,0.08973031700969425
all.RF.2.1.1,0.8125,0.5,1.0,0.8125,0.8085379608506118,0.467948717948718,0.0
all.SVM.2.1.1,0.53125,0.3269230769230769,0.6538461538461539,0.7391304347826086,0.7545653631151921,0.26282051282051283,-0.30050125348238
all.RF.2.1.2,0.625,0.5,1.0,0.625,0.6273336190689093,0.5583333333333333,0.0
all.SVM.2.1.2,0.53125,0.475,0.7,0.6086956521739131,0.646043624987504,0.47500000000000003,-0.05383819020581655
all.RF.2.1.3,0.6875,0.5,1.0,0.6875,0.7674045680518639,0.5568181818181819,0.0
all.SVM.2.1.3,0.71875,0.6590909090909092,0.8181818181818182,0.782608695652174,0.616314593031585,0.3090909090909091,0.3280209083173944
all.RF.2.1.4,0.75,0.46153846153846156,0.9230769230769231,0.8,0.7946860373248573,0.42628205128205127,-0.12403473458920847
all.SVM.2.1.4,0.71875,0.5705128205128205,0.8076923076923077,0.84,0.7647750376957507,0.36538461538461536,0.13315005718713654
all.RF.2.1.5,0.6774193548387096,0.5454545454545454,1.0,0.6666666666666666,0.6977702708752185,0.5113636363636364,0.24618298195866545
all.SVM.2.1.5,0.4838709677419355,0.39545454545454545,0.7,0.5833333333333334,0.5379896365092769,0.34090909090909094,-0.23927198384073772
all.RF.2.2.1,0.78125,0.5,1.0,0.78125,0.8299094695776303,0.52,0.0
all.SVM.2.2.1,0.5625,0.5657142857142857,0.56,0.8235294117647058,0.7421386624889904,0.5428571428571429,0.1088776457161647
all.RF.2.2.2,0.59375,0.5,1.0,0.59375,0.6273530271186614,0.6356275303643725,0.0
all.SVM.2.2.2,0.5625,0.5344129554655871,0.6842105263157895,0.6190476190476191,0.6101067946232668,0.5263157894736842,0.07116958850708793
all.RF.2.2.3,0.71875,0.5772727272727273,0.9545454545454546,0.7241379310344828,0.8950401055372293,0.7545454545454546,0.2457581620011381
all.SVM.2.2.3,0.5625,0.43636363636363634,0.7727272727272727,0.6538461538461539,0.7058564447810328,0.47727272727272724,-0.15114173098063566
all.RF.2.2.4,0.59375,0.4314285714285714,0.72,0.75,0.7701434570672875,0.38857142857142857,-0.13093073414159545
all.SVM.2.2.4,0.375,0.49714285714285716,0.28,0.7777777777777778,0.759861851460618,0.3657142857142857,-0.0052540693749273375
all.RF.2.2.5,0.71875,0.5,1.0,0.71875,0.9087792485075923,0.7777777777777778,0.0
all.SVM.2.2.5,0.6875,0.5458937198067633,0.8695652173913043,0.7407407407407407,0.6695453956119571,0.45893719806763283,0.11365840154561273
all.RF.2.3.1,0.53125,0.5,1.0,0.53125,0.49879016777333957,0.4588235294117647,0.0
all.SVM.2.3.1,0.53125,0.5117647058823529,0.8235294117647058,0.5384615384615384,0.5860518973192054,0.49411764705882355,0.03008284187980934
all.RF.2.3.2,0.75,0.5,1.0,0.75,0.8365341009974006,0.5989583333333333,0.0
all.SVM.2.3.2,0.65625,0.5625,0.75,0.782608695652174,0.849161385969109,0.6458333333333334,0.12038585308576921
all.RF.2.3.3,0.8125,0.6228571428571428,0.96,0.8275862068965517,0.8734648542043862,0.6571428571428571,0.34848958634343635
all.SVM.2.3.3,0.71875,0.5114285714285715,0.88,0.7857142857142857,0.7122926496369781,0.44000000000000006,0.02857142857142857
all.RF.2.3.4,0.6875,0.4782608695652174,0.9565217391304348,0.7096774193548387,0.8262151272045469,0.7053140096618358,-0.11235088294097073
all.SVM.2.3.4,0.65625,0.5917874396135265,0.7391304347826086,0.7727272727272727,0.6408274406060952,0.41545893719806765,0.17806849308658554
all.RF.2.3.5,0.75,0.48,0.96,0.7741935483870968,0.8426691148137282,0.6000000000000001,-0.0950381926622983
all.SVM.2.3.5,0.46875,0.4542857142857143,0.48,0.75,0.7607288105735053,0.41714285714285715,-0.07559289460184544
all.RF.2.4.1,0.84375,0.5,1.0,0.84375,0.9206371548585938,0.6370370370370371,0.0
all.SVM.2.4.1,0.4375,0.4222222222222222,0.4444444444444444,0.8,0.8361016323179811,0.437037037037037,-0.11318329168362205
all.RF.2.4.2,0.59375,0.5,1.0,0.59375,0.7143942569559643,0.5708502024291497,0.0
all.SVM.2.4.2,0.59375,0.5364372469635628,0.8421052631578947,0.6153846153846154,0.655286182926879,0.5546558704453441,0.09169839395065688
all.RF.2.4.3,0.75,0.5,1.0,0.75,0.8845040212669293,0.7552083333333333,0.0
all.SVM.2.4.3,0.65625,0.6041666666666667,0.7083333333333334,0.8095238095238095,0.8386058651438802,0.6145833333333333,0.18993429409939658
all.RF.2.4.4,0.59375,0.5357142857142857,1.0,0.5806451612903226,0.5389734499757359,0.5,0.20365326999063918
all.SVM.2.4.4,0.5625,0.5476190476190476,0.6666666666666666,0.6,0.5590678761897558,0.49206349206349204,0.09759000729485331
all.RF.2.4.5,0.8125,0.6228571428571428,0.96,0.8275862068965517,0.839331816726434,0.6171428571428572,0.34848958634343635
all.SVM.2.4.5,0.625,0.5542857142857143,0.68,0.8095238095238095,0.8479672128412334,0.5885714285714285,0.09449929894737882
all.RF.2.5.1,0.625,0.5,1.0,0.625,0.762845957566331,0.63125,0.0
all.SVM.2.5.1,0.53125,0.5083333333333333,0.6,0.631578947368421,0.6238035122696455,0.49583333333333335,0.01642880193633814
all.RF.2.5.2,0.75,0.5555555555555556,1.0,0.7419354838709677,0.7446421822665925,0.5893719806763285,0.28711892307136966
all.SVM.2.5.2,0.6875,0.6473429951690821,0.7391304347826086,0.8095238095238095,0.6388292672096416,0.4396135265700483,0.2789579047098707
all.RF.2.5.3,0.71875,0.5,1.0,0.71875,0.7954292885018013,0.5628019323671498,0.0
all.SVM.2.5.3,0.53125,0.43719806763285024,0.6521739130434783,0.6818181818181818,0.7829252207397713,0.5169082125603865,-0.1218363373750322
all.RF.2.5.4,0.78125,0.5,1.0,0.78125,0.9076842891210348,0.7457142857142857,0.0
all.SVM.2.5.4,0.71875,0.5628571428571428,0.84,0.8076923076923077,0.6931556864525954,0.2571428571428572,0.13315005718713654
all.RF.2.5.5,0.6875,0.5,1.0,0.6875,0.7014102495619318,0.55,0.0
all.SVM.2.5.5,0.5,0.4181818181818182,0.6363636363636364,0.6363636363636364,0.6653981525419578,0.4181818181818182,-0.16363636363636364
all.RF.2.6.1,0.5625,0.4090909090909091,0.8181818181818182,0.6428571428571429,0.8306815091954578,0.5954545454545455,-0.2548235957188128
all.SVM.2.6.1,0.5625,0.5454545454545454,0.5909090909090909,0.7222222222222222,0.806679376048175,0.5363636363636364,0.0849411985729376
all.RF.2.6.2,0.90625,0.625,1.0,0.9032258064516129,0.9389726936398236,0.7321428571428572,0.47519096331149147
all.SVM.2.6.2,0.53125,0.4107142857142857,0.5714285714285714,0.8421052631578947,0.8898078233296951,0.4107142857142857,-0.12024651756097046
all.RF.2.6.3,0.625,0.5,1.0,0.625,0.690608392384878,0.5708333333333333,0.0
all.SVM.2.6.3,0.59375,0.5583333333333333,0.7,0.6666666666666666,0.7278569629991631,0.6000000000000001,0.11891767800211263
all.RF.2.6.4,0.71875,0.4791666666666667,0.9583333333333334,0.7419354838709677,0.7964160224504162,0.5677083333333334,-0.10369516947304253
all.SVM.2.6.4,0.5,0.4583333333333333,0.5416666666666666,0.7222222222222222,0.7960042189830293,0.5208333333333334,-0.07273929674533079
all.RF.2.6.5,0.71875,0.533816425120773,0.9565217391304348,0.7333333333333333,0.9071556432818266,0.7536231884057972,0.12562244381357196
all.SVM.2.6.5,0.625,0.6376811594202898,0.6086956521739131,0.8235294117647058,0.8754073647257408,0.6570048309178743,0.24809590313546126
all.RF.2.7.1,0.625,0.47619047619047616,0.9523809523809523,0.6451612903225806,0.835438796947108,0.70995670995671,-0.12998877418150556
all.SVM.2.7.1,0.71875,0.6341991341991342,0.9047619047619048,0.7307692307692307,0.7719558959804502,0.6536796536796536,0.32660542964119055
all.RF.2.7.2,0.78125,0.5625,1.0,0.7741935483870968,0.9040025823249063,0.75,0.3110855084191276
all.SVM.2.7.2,0.625,0.5416666666666667,0.7083333333333334,0.7727272727272727,0.7387295328990092,0.48958333333333337,0.0778498944161523
all.RF.2.7.3,0.625,0.5166666666666666,0.95,0.6333333333333333,0.5916743249454707,0.49166666666666664,0.06666666666666667
all.SVM.2.7.3,0.65625,0.6416666666666666,0.7,0.7368421052631579,0.7619575008298014,0.6541666666666666,0.2792896329177484
all.RF.2.7.4,0.75,0.6,1.0,0.7333333333333333,0.8443994435413051,0.7,0.38297084310253526
all.SVM.2.7.4,0.65625,0.5863636363636364,0.7727272727272727,0.7391304347826086,0.7179895906799407,0.55,0.17806849308658554
all.RF.2.7.5,0.78125,0.4807692307692308,0.9615384615384616,0.8064516129032258,0.7621192265145202,0.48076923076923084,-0.08627959628145762
all.SVM.2.7.5,0.625,0.5128205128205128,0.6923076923076923,0.8181818181818182,0.8277686941944796,0.4935897435897436,0.021591675854376522
all.RF.2.8.1,0.8787878787878788,0.5,1.0,0.8787878787878788,0.8738421612513961,0.4741379310344827,0.0
all.SVM.2.8.1,0.6060606060606061,0.6681034482758621,0.5862068965517241,0.9444444444444444,0.8576920587837233,0.5948275862068966,0.22037063867676335
all.RF.2.8.2,0.75,0.5416666666666667,0.9583333333333334,0.7666666666666667,0.7392097351133141,0.5625,0.14907119849998599
all.SVM.2.8.2,0.71875,0.5208333333333333,0.9166666666666666,0.7586206896551724,0.7311237664155814,0.4375,0.061898446059017294
all.RF.2.8.3,0.71875,0.5,1.0,0.71875,0.8108995125218069,0.5942028985507246,0.0
all.SVM.2.8.3,0.6875,0.5120772946859903,0.9130434782608695,0.7241379310344828,0.7336042802823279,0.4734299516908213,0.03725848616749133
all.RF.2.8.4,0.71875,0.55,1.0,0.7096774193548387,0.7128639695355932,0.5,0.26639771383306554
all.SVM.2.8.4,0.5625,0.4636363636363636,0.7272727272727273,0.6666666666666666,0.6404497947372707,0.37272727272727274,-0.0778498944161523
all.RF.2.8.5,0.5625,0.47368421052631576,0.9473684210526315,0.5806451612903226,0.6756076533686121,0.5870445344129555,-0.14856415213808927
all.SVM.2.8.5,0.53125,0.4838056680161943,0.7368421052631579,0.5833333333333334,0.5738183820370445,0.5182186234817814,-0.03673591791853225
all.RF.2.9.1,0.5454545454545454,0.5,1.0,0.5454545454545454,0.6454291439162938,0.5814814814814815,0.0
all.SVM.2.9.1,0.48484848484848486,0.49444444444444446,0.3888888888888889,0.5384615384615384,0.5954854371906544,0.5740740740740741,-0.011322770341445958
all.RF.2.9.2,0.6875,0.5120772946859903,0.9130434782608695,0.7241379310344828,0.8402611348112312,0.6859903381642513,0.03725848616749133
all.SVM.2.9.2,0.65625,0.5579710144927537,0.782608695652174,0.75,0.6921333280884816,0.37681159420289856,0.12038585308576921
all.RF.2.9.3,0.5625,0.4666666666666667,0.85,0.6071428571428571,0.6205385880205181,0.4041666666666667,-0.09759000729485333
all.SVM.2.9.3,0.40625,0.35833333333333334,0.55,0.5238095238095238,0.6242092651162272,0.38333333333333336,-0.28880007514798783
all.RF.2.9.4,0.78125,0.46296296296296297,0.9259259259259259,0.8333333333333334,0.9408658761494065,0.6962962962962962,-0.1111111111111111
all.SVM.2.9.4,0.6875,0.5703703703703704,0.7407407407407407,0.8695652173913043,0.8819705713552733,0.5555555555555555,0.11365840154561273
all.RF.2.9.5,0.8125,0.6228571428571428,0.96,0.8275862068965517,0.7830978491838613,0.47428571428571425,0.34848958634343635
all.SVM.2.9.5,0.65625,0.5228571428571429,0.76,0.7916666666666666,0.7116510948575745,0.4114285714285714,0.04364357804719848
all.RF.2.10.1,0.696969696969697,0.5,1.0,0.696969696969697,0.7854935586270131,0.55,0.0
all.SVM.2.10.1,0.6363636363636364,0.5130434782608696,0.8260869565217391,0.7037037037037037,0.7503075776349193,0.5217391304347826,0.03108349360801046
all.RF.2.10.2,0.53125,0.5,1.0,0.53125,0.6501818192609627,0.5686274509803921,0.0
all.SVM.2.10.2,0.65625,0.6411764705882352,0.8823529411764706,0.625,0.41408629783578876,0.32156862745098036,0.32539568672798425
all.RF.2.10.3,0.78125,0.4807692307692308,0.9615384615384616,0.8064516129032258,0.7661540390293126,0.4551282051282052,-0.08627959628145762
all.SVM.2.10.3,0.625,0.4487179487179487,0.7307692307692307,0.7916666666666666,0.7706038919577982,0.4358974358974359,-0.09245003270420485
all.RF.2.10.4,0.875,0.6,1.0,0.8709677419354839,0.9379440790522273,0.725925925925926,0.4173650061841515
all.SVM.2.10.4,0.65625,0.7148148148148148,0.6296296296296297,0.9444444444444444,0.7545731966633109,0.2148148148148148,0.31445669017230515
all.RF.2.10.5,0.6875,0.5,1.0,0.6875,0.700623133426742,0.5,0.0
all.SVM.2.10.5,0.59375,0.5136363636363637,0.7272727272727273,0.6956521739130435,0.735932044850258,0.5090909090909091,0.02811607785577666
all.RF.3.1.1,0.78125,0.5,1.0,0.78125,0.7339270398590112,0.4285714285714286,0.0
all.SVM.3.1.1,0.5,0.37142857142857144,0.6,0.7142857142857143,0.8866728771078796,0.6342857142857142,-0.2238141290858972
all.RF.3.1.2,0.5625,0.5,1.0,0.5625,0.641711999560766,0.4801587301587301,0.0
all.SVM.3.1.2,0.5,0.4920634920634921,0.5555555555555556,0.5555555555555556,0.5922814693456399,0.5158730158730158,-0.015873015873015872
all.RF.3.1.3,0.8125,0.6444444444444444,0.8888888888888888,0.8888888888888888,0.9461732069509429,0.7407407407407408,0.28888888888888886
all.SVM.3.1.3,0.59375,0.6777777777777778,0.5555555555555556,0.9375,0.7631495223704003,0.3555555555555555,0.25819888974716115
all.RF.3.1.4,0.71875,0.5909090909090909,1.0,0.7,0.7173094647739524,0.6190476190476191,0.3567530340063379
all.SVM.3.1.4,0.53125,0.512987012987013,0.5714285714285714,0.6666666666666666,0.6034711308902946,0.4329004329004329,0.02486823656509969
all.RF.3.1.5,0.7096774193548387,0.5,1.0,0.7096774193548387,0.853223728601028,0.7171717171717171,0.0
all.SVM.3.1.5,0.7096774193548387,0.696969696969697,0.7272727272727273,0.8421052631578947,0.6393763257726749,0.37878787878787884,0.3671086215711883
all.RF.3.2.1,0.8125,0.5714285714285714,1.0,0.8064516129032258,0.8867944825884135,0.6799999999999999,0.3394221166510653
all.SVM.3.2.1,0.59375,0.4314285714285714,0.72,0.75,0.8714118156304974,0.5885714285714285,-0.13093073414159545
all.RF.3.2.2,0.71875,0.5909090909090909,1.0,0.7,0.6648124315471033,0.5454545454545454,0.3567530340063379
all.SVM.3.2.2,0.40625,0.37445887445887444,0.47619047619047616,0.5555555555555556,0.6744167418088542,0.4329004329004329,-0.24039295346263034
all.RF.3.2.3,0.6875,0.5,1.0,0.6875,0.8913083845767613,0.7954545454545454,0.0
all.SVM.3.2.3,0.59375,0.48636363636363633,0.7727272727272727,0.68,0.7409022563808244,0.5181818181818183,-0.030578831486257535
all.RF.3.2.4,0.71875,0.5772727272727273,0.9545454545454546,0.7241379310344828,0.7448264351616878,0.5863636363636364,0.2457581620011381
all.SVM.3.2.4,0.59375,0.5409090909090909,0.6818181818181818,0.7142857142857143,0.7654441955716325,0.5409090909090909,0.07984636960487998
all.RF.3.2.5,0.75,0.5,1.0,0.75,0.6278565204490405,0.30208333333333337,0.0
all.SVM.3.2.5,0.625,0.5,0.75,0.75,0.82862831213915,0.6041666666666667,0.0
all.RF.3.3.1,0.6875,0.5454545454545454,1.0,0.6774193548387096,0.7883459351944013,0.5930735930735931,0.24816038707378335
all.SVM.3.3.1,0.53125,0.46969696969696967,0.6666666666666666,0.6363636363636364,0.7438223877592269,0.5108225108225108,-0.06210273191490665
all.RF.3.3.2,0.78125,0.5,1.0,0.78125,0.7926546091662644,0.49714285714285716,0.0
all.SVM.3.3.2,0.625,0.6057142857142856,0.64,0.8421052631578947,0.7988611640568077,0.45142857142857146,0.17796484599023626
all.RF.3.3.3,0.78125,0.5,1.0,0.78125,0.8420780508776788,0.6,0.0
all.SVM.3.3.3,0.71875,0.5628571428571428,0.84,0.8076923076923077,0.8454996645731263,0.6114285714285714,0.13315005718713654
all.RF.3.3.4,0.71875,0.5,1.0,0.71875,0.8272058037798881,0.6714975845410628,0.0
all.SVM.3.3.4,0.6875,0.5797101449275363,0.8260869565217391,0.76,0.690054971967522,0.47342995169082125,0.17338428937260214
all.RF.3.3.5,0.6875,0.5,1.0,0.6875,0.611267471515019,0.4636363636363636,0.0
all.SVM.3.3.5,0.5,0.3909090909090909,0.6818181818181818,0.625,0.6381475935323372,0.34090909090909094,-0.23354968324845687
all.RF.3.4.1,0.75,0.5,1.0,0.75,0.8696954211562213,0.671875,0.0
all.SVM.3.4.1,0.625,0.625,0.625,0.8333333333333334,0.6481603912411089,0.38020833333333337,0.21821789023599236
all.RF.3.4.2,0.84375,0.5833333333333334,1.0,0.8387096774193549,0.8453763965247665,0.6794871794871795,0.373878250552983
all.SVM.3.4.2,0.53125,0.5192307692307692,0.5384615384615384,0.8235294117647058,0.7980881265759773,0.4294871794871795,0.03008284187980934
all.RF.3.4.3,0.53125,0.5,1.0,0.53125,0.47262331141809194,0.4196078431372549,0.0
all.SVM.3.4.3,0.5,0.49411764705882355,0.5882352941176471,0.5263157894736842,0.5323523902543099,0.407843137254902,-0.011953709238683663
all.RF.3.4.4,0.71875,0.55,1.0,0.7096774193548387,0.6857449188187237,0.4818181818181818,0.26639771383306554
all.SVM.3.4.4,0.5,0.44545454545454544,0.5909090909090909,0.65,0.6512309975323274,0.36818181818181817,-0.1044465935734187
all.RF.3.4.5,0.71875,0.4791666666666667,0.9583333333333334,0.7419354838709677,0.8425191650664429,0.640625,-0.10369516947304253
all.SVM.3.4.5,0.6875,0.5416666666666667,0.8333333333333334,0.7692307692307693,0.7673660701728562,0.5572916666666667,0.09245003270420485
all.RF.3.5.1,0.59375,0.475,0.95,0.6129032258064516,0.6875060648562563,0.5791666666666667,-0.13912166872805048
all.SVM.3.5.1,0.625,0.55,0.85,0.6538461538461539,0.6638750797252566,0.5166666666666667,0.12403473458920847
all.RF.3.5.2,0.75,0.5828571428571429,0.88,0.8148148148148148,0.7410736755369609,0.4742857142857143,0.18867401410338308
all.SVM.3.5.2,0.5625,0.5142857142857142,0.6,0.7894736842105263,0.7956705590731822,0.45142857142857146,0.02404930351219409
all.RF.3.5.3,0.71875,0.55,1.0,0.7096774193548387,0.7227035876499812,0.5727272727272728,0.26639771383306554
all.SVM.3.5.3,0.53125,0.4954545454545455,0.5909090909090909,0.6842105263157895,0.6446909045921376,0.3954545454545455,-0.00857966199371452
all.RF.3.5.4,0.625,0.5384615384615384,1.0,0.6129032258064516,0.6056658206997907,0.46153846153846156,0.21713222235566895
all.SVM.3.5.4,0.53125,0.4838056680161943,0.7368421052631579,0.5833333333333334,0.5410540035585789,0.4251012145748988,-0.03673591791853225
all.RF.3.5.5,0.78125,0.5514285714285714,0.96,0.8,0.8558981553430894,0.6457142857142858,0.17566201313073596
all.SVM.3.5.5,0.5625,0.46285714285714286,0.64,0.7619047619047619,0.7812231812721983,0.4285714285714286,-0.06465741506925919
all.RF.3.6.1,0.78125,0.5625,1.0,0.7741935483870968,0.9108219360833596,0.7630208333333334,0.3110855084191276
all.SVM.3.6.1,0.65625,0.6875,0.625,0.8823529411764706,0.8817399375043053,0.7135416666666666,0.32539568672798425
all.RF.3.6.2,0.75,0.5,1.0,0.75,0.8180743820081607,0.5859375,0.0
all.SVM.3.6.2,0.625,0.5,0.75,0.75,0.8570049176698131,0.6041666666666666,0.0
all.RF.3.6.3,0.6875,0.5,1.0,0.6875,0.8338771463373174,0.65,0.0
all.SVM.3.6.3,0.5625,0.49090909090909085,0.6818181818181818,0.6818181818181818,0.7695489834510667,0.5363636363636364,-0.01818181818181818
all.RF.3.6.4,0.75,0.5555555555555556,1.0,0.7419354838709677,0.6648463459441117,0.4492753623188406,0.28711892307136966
all.SVM.3.6.4,0.5625,0.45893719806763283,0.6956521739130435,0.6956521739130435,0.7016190305414531,0.4251207729468599,-0.0821256038647343
all.RF.3.6.5,0.75,0.5555555555555556,1.0,0.7419354838709677,0.8522806799153133,0.6690821256038647,0.28711892307136966
all.SVM.3.6.5,0.59375,0.5483091787439613,0.6521739130434783,0.75,0.8694147644523145,0.6328502415458936,0.08973031700969425
all.RF.3.7.1,0.71875,0.5909090909090909,1.0,0.7,0.5852955852700662,0.4069264069264069,0.3567530340063379
all.SVM.3.7.1,0.5625,0.5367965367965368,0.6190476190476191,0.6842105263157895,0.7292635690181972,0.5411255411255411,0.07116958850708793
all.RF.3.7.2,0.71875,0.55,1.0,0.7096774193548387,0.6606561528687996,0.5409090909090909,0.26639771383306554
all.SVM.3.7.2,0.53125,0.4954545454545455,0.5909090909090909,0.6842105263157895,0.6513880680642155,0.4818181818181818,-0.00857966199371452
all.RF.3.7.3,0.8125,0.562962962962963,0.9259259259259259,0.8620689655172413,0.881909281925727,0.5592592592592592,0.15686368416817548
all.SVM.3.7.3,0.59375,0.5962962962962963,0.5925925925925926,0.8888888888888888,0.9057967124694184,0.6,0.14096334387034368
all.RF.3.7.4,0.75,0.6,1.0,0.7333333333333333,0.774102493733027,0.6818181818181819,0.38297084310253526
all.SVM.3.7.4,0.65625,0.6681818181818182,0.6363636363636364,0.8235294117647058,0.6357283185053899,0.3409090909090909,0.3124282448813543
all.RF.3.7.5,0.625,0.5,1.0,0.625,0.7562139450114824,0.63125,0.0
all.SVM.3.7.5,0.59375,0.525,0.8,0.64,0.6911253371516037,0.6291666666666667,0.05855400437691199
all.RF.3.8.1,0.8484848484848485,0.5,1.0,0.8484848484848485,0.9009590790007104,0.6964285714285714,0.0
all.SVM.3.8.1,0.6666666666666666,0.5571428571428572,0.7142857142857143,0.8695652173913043,0.9078411515578003,0.6571428571428571,0.08916451401205645
all.RF.3.8.2,0.71875,0.55,1.0,0.7096774193548387,0.6623289443529978,0.5477272727272727,0.26639771383306554
all.SVM.3.8.2,0.59375,0.5681818181818181,0.6363636363636364,0.7368421052631579,0.6922909410804505,0.5136363636363637,0.1286949299057178
all.RF.3.8.3,0.71875,0.5,1.0,0.71875,0.8144402816312498,0.5990338164251208,0.0
all.SVM.3.8.3,0.59375,0.5821256038647343,0.6086956521739131,0.7777777777777778,0.7229857254109826,0.4541062801932367,0.14886529895627457
all.RF.3.8.4,0.65625,0.5,1.0,0.65625,0.6917933209880276,0.5735930735930735,0.0
all.SVM.3.8.4,0.5625,0.4935064935064935,0.7142857142857143,0.6521739130434783,0.823594043503439,0.6623376623376623,-0.013719241215239542
all.RF.3.8.5,0.71875,0.5,1.0,0.71875,0.7912850519642287,0.5265700483091788,0.0
all.SVM.3.8.5,0.6875,0.6473429951690821,0.7391304347826086,0.8095238095238095,0.7466626731988192,0.6328502415458936,0.2789579047098707
all.RF.3.9.1,0.7575757575757576,0.4807692307692308,0.9615384615384616,0.78125,0.8060414361874583,0.46153846153846156,-0.09172492321316786
all.SVM.3.9.1,0.5151515151515151,0.4313186813186813,0.5769230769230769,0.75,0.7969793559719424,0.4725274725274725,-0.11492582782061476
all.RF.3.9.2,0.8125,0.625,1.0,0.8,0.804364958246535,0.6197916666666666,0.4472135954999579
all.SVM.3.9.2,0.65625,0.6875,0.625,0.8823529411764706,0.8031521588284192,0.4791666666666667,0.32539568672798425
all.RF.3.9.3,0.6875,0.5,1.0,0.6875,0.8039368309924801,0.6090909090909091,0.0
all.SVM.3.9.3,0.40625,0.37727272727272726,0.45454545454545453,0.5882352941176471,0.7175906005798302,0.6227272727272727,-0.22798817869720447
all.RF.3.9.4,0.75,0.5416666666666667,0.9583333333333334,0.7666666666666667,0.850531230733749,0.6249999999999999,0.14907119849998599
all.SVM.3.9.4,0.65625,0.6458333333333333,0.6666666666666666,0.8421052631578947,0.7398817643887958,0.375,0.25715142542972574
all.RF.3.9.5,0.625,0.5384615384615384,1.0,0.6129032258064516,0.5967389897684813,0.5425101214574899,0.21713222235566895
all.SVM.3.9.5,0.5625,0.5465587044534412,0.631578947368421,0.631578947368421,0.642407720033971,0.5020242914979757,0.0931174089068826
all.RF.3.10.1,0.7878787878787878,0.5625,1.0,0.78125,0.8098441699694605,0.63,0.3125
all.SVM.3.10.1,0.5454545454545454,0.53,0.56,0.7777777777777778,0.789972527131267,0.4850000000000001,0.051639777949432225
all.RF.3.10.2,0.8125,0.625,1.0,0.8,0.8812398037031184,0.703125,0.4472135954999579
all.SVM.3.10.2,0.6875,0.6666666666666667,0.7083333333333334,0.85,0.6658307167522219,0.328125,0.29814239699997197
all.RF.3.10.3,0.71875,0.55,1.0,0.7096774193548387,0.8129182566938153,0.7272727272727273,0.26639771383306554
all.SVM.3.10.3,0.71875,0.6318181818181818,0.8636363636363636,0.76,0.7461860060161709,0.5909090909090909,0.29559537103382283
all.RF.3.10.4,0.75,0.5,1.0,0.75,0.8094930131067126,0.5104166666666667,0.0
all.SVM.3.10.4,0.625,0.6666666666666667,0.5833333333333334,0.875,0.8652388519880612,0.6666666666666666,0.2886751345948129
all.RF.3.10.5,0.6875,0.5670995670995671,0.9523809523809523,0.6896551724137931,0.6594199570319761,0.5974025974025974,0.21867346044008387
all.SVM.3.10.5,0.59375,0.538961038961039,0.7142857142857143,0.6818181818181818,0.6208492020312837,0.4545454545454545,0.07984636960487998
all.RF.4.1.1,0.65625,0.40384615384615385,0.8076923076923077,0.7777777777777778,0.7344759130915315,0.2692307692307692,-0.20672455764868078
all.SVM.4.1.1,0.75,0.717948717948718,0.7692307692307693,0.9090909090909091,0.923749187378797,0.7564102564102563,0.3670584895244009
all.RF.4.1.2,0.65625,0.5,1.0,0.65625,0.7982203266759356,0.6233766233766234,0.0
all.SVM.4.1.2,0.65625,0.6298701298701299,0.7142857142857143,0.75,0.8045527405820008,0.696969696969697,0.2548235957188128
all.RF.4.1.3,0.625,0.5,1.0,0.625,0.6949089140932441,0.5708333333333333,0.0
all.SVM.4.1.3,0.625,0.5333333333333333,0.9,0.6428571428571429,0.5507786541838443,0.4375,0.09759000729485333
all.RF.4.1.4,0.71875,0.55,1.0,0.7096774193548387,0.8502903263067331,0.740909090909091,0.26639771383306554
all.SVM.4.1.4,0.6875,0.6090909090909091,0.8181818181818182,0.75,0.7385767578100283,0.6454545454545455,0.23354968324845687
all.RF.4.1.5,0.8387096774193549,0.5833333333333334,1.0,0.8333333333333334,0.9253676641271154,0.7333333333333334,0.37267799624996495
all.SVM.4.1.5,0.7096774193548387,0.5033333333333333,0.84,0.8076923076923077,0.9074376176473857,0.6599999999999999,0.007161148740394328
all.RF.4.2.1,0.75,0.5314285714285715,0.92,0.7931034482758621,0.8874220358138903,0.6771428571428573,0.08914849883204186
all.SVM.4.2.1,0.625,0.7085714285714286,0.56,0.9333333333333333,0.6625483229885217,0.25142857142857145,0.34556817988174016
all.RF.4.2.2,0.71875,0.5,1.0,0.71875,0.7510030519370923,0.4371980676328502,0.0
all.SVM.4.2.2,0.59375,0.5483091787439613,0.6521739130434783,0.75,0.743155557622719,0.5265700483091786,0.08973031700969425
all.RF.4.2.3,0.5625,0.47368421052631576,0.9473684210526315,0.5806451612903226,0.6329284285968233,0.554655870445344,-0.14856415213808927
all.SVM.4.2.3,0.5625,0.5101214574898786,0.7894736842105263,0.6,0.6552368285640776,0.5870445344129553,0.02404930351219409
all.RF.4.2.4,0.6875,0.5454545454545454,1.0,0.6774193548387096,0.7204951443745307,0.6038961038961038,0.24816038707378335
all.SVM.4.2.4,0.6875,0.6320346320346321,0.8095238095238095,0.7391304347826086,0.8327323166797813,0.7186147186147187,0.2789579047098707
all.RF.4.2.5,0.71875,0.5,1.0,0.71875,0.7098699376663826,0.572463768115942,0.0
all.SVM.4.2.5,0.625,0.6714975845410628,0.5652173913043478,0.8666666666666667,0.6557687075062948,0.35748792270531404,0.30903173899329384
all.RF.4.3.1,0.8125,0.5,1.0,0.8125,0.8803786593981352,0.6410256410256411,0.0
all.SVM.4.3.1,0.6875,0.6153846153846154,0.7307692307692307,0.8636363636363636,0.7337981344638846,0.35256410256410253,0.19432508268938872
all.RF.4.3.2,0.75,0.5,1.0,0.75,0.8428211528479941,0.5833333333333334,0.0
all.SVM.4.3.2,0.59375,0.5625,0.625,0.7894736842105263,0.7586111406190976,0.39583333333333337,0.11020775375559676
all.RF.4.3.3,0.65625,0.5,1.0,0.65625,0.5900626105378703,0.3722943722943723,0.0
all.SVM.4.3.3,0.5,0.5541125541125541,0.38095238095238093,0.7272727272727273,0.6908525158034187,0.5411255411255411,0.10822510822510822
all.RF.4.3.4,0.75,0.5,1.0,0.75,0.7803135589984884,0.5989583333333334,0.0
all.SVM.4.3.4,0.71875,0.6875,0.75,0.8571428571428571,0.8943532008220682,0.7083333333333334,0.34188172937891387
all.RF.4.3.5,0.625,0.5,1.0,0.625,0.6092274045019017,0.5291666666666667,0.0
all.SVM.4.3.5,0.5625,0.5333333333333333,0.65,0.65,0.5616477105366694,0.3875,0.06666666666666667
all.RF.4.4.1,0.75,0.5,1.0,0.75,0.7588615846810194,0.44270833333333337,0.0
all.SVM.4.4.1,0.46875,0.5625,0.375,0.8181818181818182,0.7712502352783581,0.4375,0.11396057645963795
all.RF.4.4.2,0.71875,0.533816425120773,0.9565217391304348,0.7333333333333333,0.7179172226768128,0.4492753623188406,0.12562244381357196
all.SVM.4.4.2,0.46875,0.49516908212560384,0.43478260869565216,0.7142857142857143,0.7060431359185104,0.5024154589371981,-0.008756782291545563
all.RF.4.4.3,0.78125,0.5514285714285714,0.96,0.8,0.7138990046057063,0.33714285714285713,0.17566201313073596
all.SVM.4.4.3,0.53125,0.44285714285714284,0.6,0.75,0.7246490503122396,0.4,-0.09759000729485331
all.RF.4.4.4,0.65625,0.5416666666666666,1.0,0.6451612903225806,0.5352860052497388,0.4041666666666667,0.23186944788008415
all.SVM.4.4.4,0.4375,0.45,0.4,0.5714285714285714,0.5658169372023463,0.3875,-0.09759000729485331
all.RF.4.4.5,0.65625,0.5,1.0,0.65625,0.7893464981534841,0.6147186147186147,0.0
all.SVM.4.4.5,0.65625,0.5865800865800865,0.8095238095238095,0.7083333333333334,0.6044424470892096,0.35064935064935066,0.18993429409939658
all.RF.4.5.1,0.65625,0.5,1.0,0.65625,0.6967708307647511,0.5757575757575758,0.0
all.SVM.4.5.1,0.5625,0.5151515151515151,0.6666666666666666,0.6666666666666666,0.765107143839733,0.5324675324675324,0.030303030303030304
all.RF.4.5.2,0.65625,0.4772727272727273,0.9545454545454546,0.6774193548387096,0.608855944722911,0.2863636363636364,-0.1210898699241207
all.SVM.4.5.2,0.53125,0.38636363636363635,0.7727272727272727,0.6296296296296297,0.6041030694009055,0.35909090909090907,-0.29012942659282975
all.RF.4.5.3,0.84375,0.5833333333333334,1.0,0.8387096774193549,0.9192458660494176,0.7628205128205128,0.373878250552983
all.SVM.4.5.3,0.6875,0.6153846153846154,0.7307692307692307,0.8636363636363636,0.6908363503131727,0.26282051282051283,0.19432508268938872
all.RF.4.5.4,0.625,0.5,1.0,0.625,0.7084787821771791,0.6583333333333333,0.0
all.SVM.4.5.4,0.65625,0.625,0.75,0.7142857142857143,0.7723172567539086,0.6208333333333333,0.2548235957188128
all.RF.4.5.5,0.78125,0.6028571428571429,0.92,0.8214285714285714,0.7677908360773578,0.5771428571428572,0.2571428571428571
all.SVM.4.5.5,0.5625,0.5142857142857142,0.6,0.7894736842105263,0.7941469335504718,0.5028571428571429,0.02404930351219409
all.RF.4.6.1,0.59375,0.475,0.95,0.6129032258064516,0.5366119910009383,0.4041666666666667,-0.13912166872805048
all.SVM.4.6.1,0.5625,0.6,0.45,0.75,0.6257030420284323,0.5625,0.2
all.RF.4.6.2,0.75,0.5,1.0,0.75,0.7802489681685655,0.6171875,0.0
all.SVM.4.6.2,0.5,0.5416666666666666,0.4583333333333333,0.7857142857142857,0.7573546376257851,0.5885416666666666,0.07273929674533079
all.RF.4.6.3,0.84375,0.5833333333333334,1.0,0.8387096774193549,0.915490596482104,0.6762820512820512,0.373878250552983
all.SVM.4.6.3,0.5625,0.6666666666666667,0.5,0.9285714285714286,0.9009668186545438,0.6666666666666666,0.26226526415648105
all.RF.4.6.4,0.875,0.5,1.0,0.875,0.8977232304952657,0.4553571428571429,0.0
all.SVM.4.6.4,0.5625,0.42857142857142855,0.6071428571428571,0.85,0.8622525686950232,0.38392857142857145,-0.09759000729485333
all.RF.4.6.5,0.625,0.5,1.0,0.625,0.6849473820171592,0.6145833333333333,0.0
all.SVM.4.6.5,0.71875,0.7083333333333333,0.75,0.7894736842105263,0.8652118588898776,0.775,0.4107200484084535
all.RF.4.7.1,0.75,0.5,1.0,0.75,0.8198098135705048,0.6145833333333333,0.0
all.SVM.4.7.1,0.6875,0.5833333333333333,0.7916666666666666,0.7916666666666666,0.6846960605778735,0.3802083333333333,0.16666666666666666
all.RF.4.7.2,0.625,0.5,1.0,0.625,0.7139832875095988,0.5520833333333333,0.0
all.SVM.4.7.2,0.5625,0.48333333333333334,0.8,0.6153846153846154,0.8075618775820712,0.6541666666666667,-0.041344911529736156
all.RF.4.7.3,0.78125,0.4807692307692308,0.9615384615384616,0.8064516129032258,0.6807335257872713,0.24999999999999997,-0.08627959628145762
all.SVM.4.7.3,0.5625,0.41025641025641024,0.6538461538461539,0.7727272727272727,0.7364734818805594,0.3076923076923077,-0.15114173098063566
all.RF.4.7.4,0.6875,0.5,1.0,0.6875,0.6193186515398242,0.34545454545454546,0.0
all.SVM.4.7.4,0.53125,0.4954545454545455,0.5909090909090909,0.6842105263157895,0.7624106507389865,0.5227272727272727,-0.00857966199371452
all.RF.4.7.5,0.6875,0.5,1.0,0.6875,0.7830822956419147,0.5795454545454545,0.0
all.SVM.4.7.5,0.625,0.5636363636363637,0.7272727272727273,0.7272727272727273,0.6034696374763497,0.35454545454545455,0.12727272727272726
all.RF.4.8.1,0.6060606060606061,0.5,1.0,0.6060606060606061,0.5103321085111825,0.3923076923076923,0.0
all.SVM.4.8.1,0.3333333333333333,0.3423076923076923,0.3,0.42857142857142855,0.466534814498618,0.2846153846153846,-0.31180735848080326
all.RF.4.8.2,0.71875,0.5,1.0,0.71875,0.7072959229742896,0.3695652173913044,0.0
all.SVM.4.8.2,0.53125,0.4033816425120773,0.6956521739130435,0.6666666666666666,0.6612699705437066,0.3526570048309179,-0.200643088476282
all.RF.4.8.3,0.75,0.48,0.96,0.7741935483870968,0.7598517536340441,0.5057142857142857,-0.0950381926622983
all.SVM.4.8.3,0.59375,0.5857142857142856,0.6,0.8333333333333334,0.7479539202126338,0.3771428571428571,0.14285714285714285
all.RF.4.8.4,0.8125,0.5,1.0,0.8125,0.8425029209988885,0.5128205128205129,0.0
all.SVM.4.8.4,0.5625,0.47435897435897434,0.6153846153846154,0.8,0.8961421891596383,0.6217948717948718,-0.041344911529736156
all.RF.4.8.5,0.71875,0.5,1.0,0.71875,0.7883523632363482,0.5555555555555556,0.0
all.SVM.4.8.5,0.625,0.6038647342995169,0.6521739130434783,0.7894736842105263,0.6417265324088092,0.37198067632850246,0.1901668471529859
all.RF.4.9.1,0.696969696969697,0.5282608695652175,0.9565217391304348,0.7096774193548387,0.8641837521510387,0.6956521739130435,0.10886382502152388
all.SVM.4.9.1,0.7272727272727273,0.691304347826087,0.782608695652174,0.8181818181818182,0.7866721236518878,0.7130434782608696,0.3730019232961255
all.RF.4.9.2,0.625,0.47619047619047616,0.9523809523809523,0.6451612903225806,0.647727071578404,0.4502164502164502,-0.12998877418150556
all.SVM.4.9.2,0.59375,0.538961038961039,0.7142857142857143,0.6818181818181818,0.7576810721804523,0.5670995670995671,0.07984636960487998
all.RF.4.9.3,0.625,0.5384615384615384,1.0,0.6129032258064516,0.571196249438173,0.5303643724696356,0.21713222235566895
all.SVM.4.9.3,0.6875,0.688259109311741,0.6842105263157895,0.7647058823529411,0.6403382805815063,0.6275303643724696,0.37056498639919355
all.RF.4.9.4,0.78125,0.4807692307692308,0.9615384615384616,0.8064516129032258,0.7779152589001245,0.423076923076923,-0.08627959628145762
all.SVM.4.9.4,0.59375,0.4935897435897436,0.6538461538461539,0.8095238095238095,0.8314201007984003,0.5192307692307693,-0.010535659020683567
all.RF.4.9.5,0.75,0.5555555555555556,1.0,0.7419354838709677,0.7603203323309243,0.5507246376811594,0.28711892307136966
all.SVM.4.9.5,0.59375,0.5144927536231884,0.6956521739130435,0.7272727272727273,0.7890388639333789,0.5458937198067633,0.02811607785577666
all.RF.4.10.1,0.6666666666666666,0.5416666666666666,1.0,0.65625,0.6806335387025527,0.5357142857142857,0.23385358667337133
all.SVM.4.10.1,0.6666666666666666,0.6130952380952381,0.8095238095238095,0.7083333333333334,0.8258878506714913,0.6904761904761904,0.24431363743997886
all.RF.4.10.2,0.71875,0.5,1.0,0.71875,0.8068211582944645,0.6328502415458938,0.0
all.SVM.4.10.2,0.78125,0.71256038647343,0.8695652173913043,0.8333333333333334,0.5771255079610436,0.23671497584541065,0.4414147946478204
all.RF.4.10.3,0.6875,0.4782608695652174,0.9565217391304348,0.7096774193548387,0.733953386796917,0.40096618357487923,-0.11235088294097073
all.SVM.4.10.3,0.53125,0.47101449275362317,0.6086956521739131,0.7,0.6485992386134191,0.4106280193236715,-0.05383819020581655
all.RF.4.10.4,0.78125,0.5,1.0,0.78125,0.7934280217238538,0.47428571428571425,0.0
all.SVM.4.10.4,0.65625,0.6257142857142857,0.68,0.85,0.8878739588400036,0.6742857142857143,0.21469801604867728
all.RF.4.10.5,0.78125,0.6111111111111112,1.0,0.7666666666666667,0.6777950739442581,0.5169082125603865,0.4127594582445936
all.SVM.4.10.5,0.65625,0.5579710144927537,0.782608695652174,0.75,0.7287472207774369,0.5458937198067633,0.12038585308576921
