,SMILES,DILI_LABEL
0,O=C(O)CCCCCCNC1c2ccccc2CCc2ccccc21,1
1,CN1C(=O)CCS(=O)(=O)C1c1ccc(Cl)cc1,1
2,CN1c2c(oc(=O)n(-c3ccccn3)c2=O)-c2ccccc2S1(=O)=O,1
3,NC(N)=Nc1nc(CSCCN=CNS(=O)(=O)c2ccc(Br)cc2)cs1,1
4,CS(=O)(=O)Nc1ccc([N+](=O)[O-])cc1Oc1ccccc1,1
5,Cc1c(C)c2c(c(C)c1O)CCC(C)(COc1ccc(CC3SC(=O)NC3=O)cc1)O2,1
6,NC1[C@@H]2CN(c3nc4c(cc3F)c(=O)c(C(=O)O)cn4-c3ccc(F)cc3F)C[C@H]12,1
7,CC(N)C(=O)OC(C)(C)Cc1ccc(Cl)cc1,1
8,C[C@H](N)C(=O)N[C@@H](C)C(=O)NC1[C@@H]2CN(c3nc4c(cc3F)c(=O)c(C(=O)O)cn4-c3ccc(F)cc3F)C[C@H]12,1
9,C=CCOc1ccc(CC(=O)O)cc1Cl,1
10,CCCN(CCC)C(=O)Cc1c(-c2ccc(Cl)cc2)nc2ccc(Cl)cn12,1
11,O=C(O)COc1nn(Cc2ccccc2)c2ccccc12,1
12,CC(C(=O)O)c1ccc2oc(-c3ccc(Cl)cc3)nc2c1,1
13,CCc1oc2ccccc2c1C(=O)c1ccc(O)cc1,1
14,CCc1oc2ccccc2c1C(=O)c1cc(Br)c(O)c(Br)c1,1
15,CCc1oc2ccccc2c1C(=O)c1cc(I)c(O)c(I)c1,1
16,Nc1c(CC(=O)O)cccc1C(=O)c1ccc(Br)cc1,1
17,O=C(O)c1cc(-c2ccccc2)nc2ccccc12,1
18,CN(C)CCCC1c2ccccc2Nc2ccc(Cl)cc21,1
19,COc1ccc2c(C(=O)c3ccc(Cl)cc3)c(C)n(CC(=O)O)c2c1,1
20,CC(=O)Oc1ccc(C(=C2CCCCC2)c2ccc(OC(C)=O)cc2)cc1,1
21,O=C(c1cc(O)c(O)c(O)c1)c1ccc(O)c(O)c1O,1
22,O=C(O)Cc1csc(-c2ccc(Cl)cc2)n1,1
23,O=C(COc1ccc(Cl)cc1)N1CCN(Cc2ccc3c(c2)OCO3)CC1,1
24,O=C(OCC(O)CO)c1ccccc1Nc1ccnc2cc(Cl)ccc12,1
25,CC(C)Cc1ccc(CC(=O)O)cc1,1
26,CC(C)NNC(=O)c1ccncc1,1
27,CC(C)Nc1ncccn1,1
28,Cc1ccc(Nc2c(F)cccc2Cl)c(CC(=O)O)c1,1
29,CC(NN)c1ccccc1,1
30,CN1CCCC(CN2c3ccccc3Sc3ccccc32)C1,1
31,CC(=O)Oc1cc(C(C)C)c(OCCN(C)C)cc1C,1
32,O=C(CCNNC(=O)c1ccncc1)NCc1ccccc1,1
33,CN(C)Cc1ccc(CSCCN/C(=C\[N+](=O)[O-])NCc2ccc3c(c2)OCO3)o1,1
34,Cc1nc([N+](=O)[O-])cn1-c1ccc([N+](=O)[O-])cc1,1
35,CN1Cc2c(N)cccc2C(c2ccccc2)C1,1
36,CC(=O)Oc1ccc(C2(c3ccc(OC(C)=O)cc3)C(=O)Nc3ccccc32)cc1,1
37,NC1=NC(=O)C(c2ccccc2)O1,1
38,C1CCC(C(CC2CCCCN2)C2CCCCC2)CC1,1
39,CC(COc1ccccc1)NN,1
40,NC(=O)C1CCN(CCCN2c3ccccc3Sc3ccc(Cl)cc32)CC1,1
41,CC(C(=O)O)c1ccc(N2CC=CC2)c(Cl)c1,1
42,Cc1cc2c(cc1CC(=O)c1sccc1S(=O)(=O)Nc1onc(C)c1Cl)OCO2,1
43,CCCCCCCCNC(C)C(O)c1ccc(SC(C)C)cc1,1
44,NC(=O)NS(=O)(=O)c1ccc(N)cc1,1
45,Nc1ccc(S(=O)(=O)Nc2nccs2)cc1,1
46,O=C(O)COc1ccc(C(=O)c2cccs2)c(Cl)c1Cl,1
47,Cc1cc(Br)c(O)c2ncccc12,1
48,COc1ccc2c(C(=S)N(C)CC(=O)O)cccc2c1C(F)(F)F,1
49,CC(=O)Oc1ccc(C2(c3ccc(OC(C)=O)cc3)C(=O)N(C(C)=O)c3ccccc32)cc1,1
50,CCOC(Nc1ccc(C(=O)O)cc1)C(=O)c1ccc(-c2ccccc2)cc1,1
51,CCOC(=O)CN[C@@H](C(=O)N1CC[C@H]1C(=O)NCc1ccc(/C(N)=N/O)cc1)C1CCCCC1,1
52,CN(C)CC=C(c1ccc(Br)cc1)c1cccnc1,1
53,CCCCN1C(=O)[C@@H]([C@H](O)C2CCCCC2)NC(=O)C12CCN(Cc1ccc(Oc3ccc(C(=O)O)cc3)cc1)CC2,1
54,CC(=O)N[C@H]1[C@H](O)O[C@H](CO)[C@H](OS(=O)(=O)O)[C@@H]1O[C@@H]1O[C@@H](C(=O)O)[C@@H](O)[C@H](O)[C@H]1O,1
55,CN1CCC(Nc2ncc3ncnc(Nc4ccc(F)c(Cl)c4)c3n2)CC1,1
56,O=c1[nH]c(=O)n([C@@H]2O[C@H](CO)[C@@H](O)[C@@H]2F)cc1I,1
57,COc1cccc2c1[C@@H]1CN(CCCCn3c(=O)[nH]c4c(sc5ncc(-c6ccccc6)nc54)c3=O)C[C@@H]1CO2,1
58,CO/N=C(\N)c1ccc(-c2ccc(-c3ccc(/C(N)=N/OC)cc3)o2)cc1,1
59,CCO[C@@H]1OC(=O)C[C@@H]1NC(=O)[C@@H]1CCCN2C(=O)CC[C@H](NC(=O)c3nccc4ccccc34)C(=O)N12,1
60,Cc1nc(C)c2c(n1)N(Cc1ccc(-c3ccccc3-c3nn[nH]n3)cc1)C(=O)CC2,1
61,COc1cc(C)c(/C=C/C(C)=C/C=C/C(C)=C\C(=O)O)c(C)c1C,1
62,CCCCc1oc2ccccc2c1C(=O)c1cc(I)c(OCCN(CC)CC)c(I)c1,1
63,COc1ccccc1Oc1c(NS(=O)(=O)c2ccc(C(C)(C)C)cc2)nc(-c2ncccn2)nc1OCCO,1
64,Nc1ccn([C@@H]2O[C@H](CO)[C@@H](O)[C@@H]2O)c(=O)n1,1
65,CN(C)N/N=C1\N=CN=C1C(N)=O,1
66,C#C[C@]1(O)CC[C@H]2[C@@H]3CCC4=Cc5oncc5C[C@]4(C)[C@H]3CC[C@@]21C,1
67,O=C1CN(N=Cc2ccc(-c3ccc([N+](=O)[O-])cc3)o2)C(=O)N1,1
68,O=C1C=CC=C/C1=C1\N/C(=C2/C=CC=CC2=O)N(c2ccc(C(=O)O)cc2)N1,1
69,NC(=O)OCC(COC(N)=O)c1ccccc1,1
70,CC(C)C(=O)Nc1ccc([N+](=O)[O-])c(C(F)(F)F)c1,1
71,NNC(=O)c1ccncc1,1
72,CC(=O)N1CCN(c2ccc(OC[C@@H]3CO[C@@](Cn4ccnc4)(c4ccc(Cl)cc4Cl)O3)cc2)CC1,1
73,CS(=O)(=O)CCNCc1ccc(-c2ccc3ncnc(Nc4ccc(OCc5cccc(F)c5)c(Cl)c4)c3c2)o1,1
74,Cc1oncc1C(=O)Nc1ccc(C(F)(F)F)cc1,1
75,CN(Cc1cnc2nc(N)nc(N)c2n1)c1ccc(C(=O)N[C@@H](CCC(=O)O)C(=O)O)cc1,1
76,Cc1cccc(C)c1OCC(C)N,1
77,CCc1nn(CCCN2CCN(c3cccc(Cl)c3)CC2)c(=O)n1CCOc1ccccc1,1
78,Cc1ccnc2c1NC(=O)c1cccnc1N2C1CC1,1
79,C[C@]12COC(=O)C[C@@H]1CC[C@@H]1[C@@H]2CC[C@@]2(C)[C@H]1CC[C@]2(C)O,1
80,C[C@]12CC(C=O)C(=O)C[C@@H]1CC[C@@H]1[C@@H]2CC[C@@]2(C)[C@H]1CC[C@]2(C)O,1
81,Cc1ccc(Nc2nccc(N(C)c3ccc4c(C)n(C)nc4c3)n2)cc1S(N)(=O)=O,1
82,OCC1OC(n2cnc3c2NC=NC[C@H]3O)CC1O,1
83,CCCc1cc(=O)[nH]c(=S)[nH]1,1
84,Cc1cn([C@H]2C=C[C@@H](CO)O2)c(=O)[nH]c1=O,1
85,CCN(CC)CCNC(=O)c1c(C)[nH]c(/C=C2\C(=O)Nc3ccc(F)cc32)c1C,1
86,Cc1ccc(C(=O)c2cc(O)c(O)c([N+](=O)[O-])c2)cc1,1
87,CCCC(CCC)C(=O)O,1
88,Cc1cn([C@H]2C[C@H](N=[N+]=[N-])[C@@H](CO)O2)c(=O)[nH]c1=O,1
89,Cc1ccc(-n2[nH]c(C)c(N/N=C3\C=CC=C(c4cccc(C(=O)O)c4)C3=O)c2=O)cc1C,1
90,Cc1nnc(C(C)C)n1C1C[C@@H]2CC[C@H](C1)N2CC[C@H](NC(=O)C1CCC(F)(F)CC1)c1ccccc1,1
91,CCC[C@@]1(CCc2ccccc2)CC(=O)C([C@H](CC)c2cccc(NS(=O)(=O)c3ccc(C(F)(F)F)cn3)c2)C(=O)O1,1
92,Nc1ccc(C(=O)O)c(O)c1,1
93,Nc1nc(NC2CC2)c2ncn(C3C=C[C@H](CO)C3)c2n1,1
94,C[C@H]1O[C@H](O[C@@H]2[C@@H](CO)O[C@H](O[C@@H]3[C@@H](CO)O[C@@H](O)[C@H](O)[C@H]3O)[C@H](O)[C@H]2O)[C@H](O)[C@@H](O)[C@@H]1N[C@H]1C=C(CO)[C@H](O)[C@H](O)[C@H]1O,1
95,CC(=O)Nc1ccc(O)cc1,1
96,CC(=O)Nc1nnc(S(N)(=O)=O)s1,1
97,CCCSc1ccc2nc(NC(=O)OC)[nH]c2c1,1
98,O=c1ncnc2[nH][nH]cc1-2,1
99,CNCC[C@@H](Oc1ccccc1C)c1ccccc1,1
100,CC(C)c1c(C(=O)Nc2ccccc2)c(-c2ccccc2)c(-c2ccc(F)cc2)n1CC[C@@H](O)C[C@@H](O)CC(=O)O,1
101,Cn1cnc([N+](=O)[O-])c1Sc1ncnc2nc[nH]c12,1
102,C=C(c1ccc(C(=O)O)cc1)c1cc2c(cc1C)C(C)(C)CCC2(C)C,1
103,C[C@](O)(CS(=O)(=O)c1ccc(F)cc1)C(=O)Nc1ccc(C#N)c(C(F)(F)F)c1,1
104,CS(=O)(=O)OCCCCOS(C)(=O)=O,1
105,NC(=O)N1c2ccccc2C=Cc2ccccc21,1
106,O=c1[nH]c2cc(Cl)ccc2o1,1
107,O=C(O)c1cn(C2CC2)c2cc(N3CCNCC3)c(F)cc2c1=O,1
108,CC[C@H]1OC(=O)[C@H](C)[C@@H](O[C@H]2C[C@@](C)(OC)[C@@H](O)[C@H](C)O2)[C@H](C)[C@@H](O[C@@H]2O[C@H](C)C[C@H](N(C)C)[C@H]2O)[C@](C)(OC)C[C@@H](C)C(=O)[C@H](C)[C@@H](O)[C@]1(C)O,1
109,CN(C)CCCN1c2ccccc2CCc2ccc(Cl)cc21,1
110,CN1CCN(C2=c3ccccc3=Nc3ccc(Cl)cc3N2)CC1,1
111,CC(C)CN(C[C@@H](O)[C@H](Cc1ccccc1)NC(=O)O[C@H]1CO[C@H]2OCC[C@@H]12)S(=O)(=O)c1ccc(N)cc1,1
112,O=C(O)Cc1ccccc1Nc1c(Cl)cccc1Cl,1
113,O=c1[nH]cnc2c1ncn2[C@H]1CC[C@@H](CO)O1,1
114,O=C(O)c1cc(-c2ccc(F)cc2F)ccc1O,1
115,COc1ccc([C@@H]2Sc3ccccc3N(CCN(C)C)C(=O)[C@@H]2OC(C)=O)cc1,1
116,CCN(CC)C(=S)SSC(=S)N(CC)CC,1
117,CCCCc1oc2ccc(NS(C)(=O)=O)cc2c1C(=O)c1ccc(OCCCN(CCCC)CCCC)cc1,1
118,CNCC[C@H](Oc1cccc2ccccc12)c1cccs1,1
119,O=C1Nc2ccc(Cl)cc2[C@@](C#CC2CC2)(C(F)(F)F)O1,1
120,C#Cc1cccc(Nc2ncnc3cc(OCCOC)c(OCCOC)cc23)c1,1
121,CC[C@H]1OC(=O)[C@H](C)[C@@H](O[C@H]2C[C@@](C)(OC)[C@@H](O)[C@H](C)O2)[C@H](C)[C@@H](O[C@@H]2O[C@H](C)C[C@H](N(C)C)[C@H]2O)[C@](C)(O)C[C@@H](C)C(=O)[C@H](C)[C@@H](O)[C@]1(C)O,1
122,CC12CCC3c4ccc(OC(=O)N(CCCl)CCCl)cc4CCC3C1CCC2O,1
123,CCC(CO)NCCNC(CC)CO,1
124,CCc1cccc2c3c([nH]c12)C(CC)(CC(=O)O)OCC3,1
125,Cc1cc(C#N)cc(C)c1Oc1nc(Nc2ccc(C#N)cc2)nc(N)c1Br,1
126,C=C1C[C@@H]2[C@H](CC[C@]3(C)C(=O)CC[C@@H]23)[C@@]2(C)C=CC(=O)C=C12,1
127,Cc1nc(-c2ccc(OCC(C)C)c(C#N)c2)sc1C(=O)O,1
128,CC(C(=O)O)c1cccc(Oc2ccccc2)c1,1
129,OC(Cn1cncn1)(Cn1cncn1)c1ccc(F)cc1F,1
130,O=C1NC(c2ccccc2)(c2ccccc2)C(=O)N1COP(=O)(O)O,1
131,COc1cc2ncnc(Nc3ccc(F)c(Cl)c3)c2cc1OCCCN1CCOCC1,1
132,Nc1ccn([C@@H]2O[C@H](CO)[C@@H](O)C2(F)F)c(=O)n1,1
133,Cc1ccc(C)c(OCCCC(C)(C)C(=O)O)c1,1
134,COC1=CC(=O)C[C@@H](C)[C@]12Oc1c(Cl)c(OC)cc(OC)c1C2=O,1
135,NC(=O)NO,1
136,Cc1ccc(NC(=O)c2ccc(CN3CCN(C)CC3)cc2)cc1Nc1nccc(-c2cccnc2)n1,1
137,COc1ccc2c(c1)c(CC(=O)O)c(C)n2C(=O)c1ccc(Cl)cc1,1
138,CC1=C(/C=C/C(C)=C/C=C/C(C)=C\C(=O)O)C(C)(C)CCC1,1
139,CCC(C)n1ncn(-c2ccc(N3CCN(c4ccc(OC[C@H]5CO[C@](Cn6cncn6)(c6ccc(Cl)cc6Cl)O5)cc4)CC3)cc2)c1=O,1
140,CC(CCc1ccccc1)NCC(O)c1ccc(O)c(C(N)=O)c1,1
141,Nc1nnc(-c2cccc(Cl)c2Cl)c(N)n1,1
142,C[C@H]1COc2c(N3CCN(C)CC3)c(F)cc3c(=O)c(C(=O)O)cn1c23,1
143,Cc1cccc(Nc2ccccc2C(=O)O)c1C,1
144,S=c1nc[nH]c2nc[nH]c12,1
145,Cn1cc[nH]c1=S,1
146,C[C@](N)(Cc1ccc(O)c(O)c1)C(=O)O,1
147,CCN(CC)C(=O)[C@]1(c2ccccc2)C[C@@H]1CN,1
148,CN(C)c1ccc(O)c2c1C[C@H]1C[C@H]3[C@H](N(C)C)C(=O)C(C(N)=O)C(=O)[C@@]3(O)C(=O)C1C2=O,1
149,C[C@]12CC[C@@H]3[C@H]4CCC(=O)C=C4CC[C@H]3[C@@H]1CC[C@@H]2O,1
150,CC1(C)NC(=O)N(c2ccc([N+](=O)[O-])c(C(F)(F)F)c2)C1=O,1
151,O=C1CN(/N=C\c2ccc([N+](=O)[O-])o2)C(=O)N1,1
152,CNCCC=C1c2ccccc2CCc2ccccc21,1
153,CCCCCCCCCCC[C@@H](C[C@@H]1OC(=O)[C@H]1CCCCCC)OC(=O)[C@H](CC(C)C)NC=O,1
154,COc1ccc(Cc2nccc3cc(OC)c(OC)cc23)cc1OC,1
155,O=C1NC(=O)C(c2ccccc2)(c2ccccc2)N1,1
156,Cc1nnc(C(=O)NC(C)(C)C2=NC(C(=O)NCc3ccc(F)cc3)C(=O)C(=O)N2C)o1,1
157,CO[C@H]1/C=C/O[C@@]2(C)Oc3c(C)c(O)c4c(c3C2=O)C(=O)/C(=C/NN2CCN(C)CC2)C(NC(=O)/C(C)=C\C=C\[C@H](C)[C@H](O)[C@@H](C)[C@@H](O)[C@@H](C)[C@H](OC(C)=O)[C@@H]1C)C4=O,1
158,Nc1nc2ccc(OC(F)(F)F)cc2s1,1
159,CC(C)c1nc(CN(C)C(=O)N[C@H](C(=O)N[C@@H](Cc2ccccc2)C[C@H](O)[C@H](Cc2ccccc2)NC(=O)OCc2cncs2)C(C)C)cs1,1
160,CNC(=O)c1cc(Oc2ccc(NC(=O)Nc3ccc(Cl)c(C(F)(F)F)c3)cc2)ccn1,1
161,O=C(O)C1=C/C(=N/Nc2ccc(S(=O)(=O)Nc3ccccn3)cc2)C=CC1=O,1
162,CC1=C(CC(=O)O)c2cc(F)ccc2C1=Cc1ccc([S+](C)[O-])cc1,1
163,CC/C(=C(\c1ccccc1)c1ccc(OCCN(C)C)cc1)c1ccccc1,1
164,CC[C@H]1OC(=O)[C@H](C)C(=O)[C@H](C)[C@@H](O[C@@H]2O[C@H](C)C[C@H](N(C)C)[C@H]2O)[C@@](C)(OC)C[C@@H](C)C(=O)[C@H](C)[C@H]2N(CCCCn3cnc(-c4cccnc4)c3)C(=O)O[C@]12C,1
165,CN(CC=CC#CC(C)(C)C)Cc1cccc2ccccc12,1
166,C[C@]12CC[C@H]3[C@@H](CCC4=CC(=O)CC[C@@]43C)[C@@H]1CC[C@@H]2O,1
167,c1ccc2[nH]c(-c3cscn3)nc2c1,1
168,Clc1ccccc1CN1CCc2sccc2C1,1
169,Clc1ccc2nsnc2c1NC1=NCCN1,1
170,Cc1ccccc1C(=O)Nc1ccc(C(=O)N2CCCC(O)c3cc(Cl)ccc32)c(C)c1,1
171,C[C@@H](c1ncncc1F)[C@](O)(Cn1cncn1)c1ccc(F)cc1F,1
172,COc1cc(C(=O)NS(=O)(=O)c2ccccc2C)ccc1Cc1cn(C)c2ccc(NC(=O)OC3CCCC3)cc12,1
173,CC(c1cc2ccccc2s1)N(O)C(N)=O,1
434,CC(=O)OCC[N+](C)(C)C,0
435,CC(=O)N[C@@H](CS)C(=O)O,0
436,Nc1ncnc2c1ncn2[C@@H]1O[C@H](CO)[C@@H](O)[C@H]1O,0
437,CCC(=O)N(c1ccccc1)C1(COC)CCN(CCn2nnn(CC)c2=O)CC1,0
438,CN(C)CCc1c[nH]c2ccc(CS(=O)(=O)N3CCCC3)cc12,0
439,C[C@H]1CN(C[C@H](Cc2ccccc2)C(=O)NCC(=O)O)CC[C@@]1(C)c1cccc(O)c1,0
440,CC[N+](CC)(CCNC(=O)C(=O)NCC[N+](CC)(CC)Cc1ccccc1Cl)Cc1ccccc1Cl,0
441,NCCCNCCSP(=O)(O)O,0
442,NCC[C@H](O)C(=O)N[C@@H]1C[C@H](N)[C@@H](O[C@H]2O[C@H](CN)[C@@H](O)[C@H](O)[C@H]2O)[C@H](O)[C@H]1O[C@H]1O[C@H](CO)[C@@H](O)[C@H](N)[C@H]1O,0
443,NCCCCCC(=O)O,0
444,Nc1ccc(C(=O)NCC(=O)O)cc1,0
445,CN1CCc2cccc3c2[C@H]1Cc1ccc(O)c(O)c1-3,0
446,C[C@H]1CNc2c(cccc2S(=O)(=O)N[C@@H](CCCN=C(N)N)C(=O)N2CC[C@@H](C)C[C@@H]2C(=O)O)C1,0
447,COc1ccc(CC2c3cc(OC)c(OC)cc3CC[N+]2(C)CCC(=O)OCCCCCOC(=O)CC[N+]2(C)CCc3cc(OC)c(OC)cc3C2Cc2ccc(OC)c(OC)c2)cc1OC,0
448,CN1[C@H]2CC[C@@H]1CC(OC(=O)C(CO)c1ccccc1)C2,0
449,Cn1c(CCCC(=O)O)nc2cc(N(CCCl)CCCl)ccc21,0
450,CC(Cc1ccccc1)N(C)Cc1ccccc1,0
451,CN1[C@@H]2CC[C@@H]1CC(OC(c1ccccc1)c1ccccc1)C2,0
452,CC1(C)SC(C(NC(=O)Cc2ccccc2)C(=O)NCCCCCC(=O)O)NC1C(=O)O,0
453,C[N+](C)(C)CC(=O)[O-],0
454,CC(C[N+](C)(C)C)OC(N)=O,0
455,OC(CCN1CCCCC1)(c1ccccc1)C1CC2C=CC1C2,0
456,CC(=O)Oc1ccc(C(c2ccc(OC(C)=O)cc2)c2ccccn2)cc1,0
457,CN(C)CCC(c1ccc(Br)cc1)c1ccccn1,0
458,CCC[C@H]1O[C@@H]2C[C@H]3[C@@H]4CCC5=CC(=O)C=C[C@]5(C)[C@H]4[C@@H](O)C[C@]3(C)[C@]2(C(=O)CO)O1,0
459,Oc1ccc2c(c1)[C@@]13CCCC[C@@]1(O)[C@@H](C2)N(CC1CCC1)CC3,0
460,C=CCN1C[C@H](C(=O)N(CCCN(C)C)C(=O)NCC)C[C@@H]2c3cccc4[nH]cc(c34)C[C@H]21,0
461,Cn1c(=O)c2c(ncn2C)n(C)c1=O,0
462,C=C1C(=CC=C2CCC[C@@]3(C)[C@H]2CC[C@@H]3[C@H](C)CCCC(C)(C)O)C[C@@H](O)C[C@@H]1O,0
463,CN(C)CCOC(c1ccc(Cl)cc1)c1ccccn1,0
464,CCCCC[C@](C)(O)/C=C/[C@H]1[C@H](O)C[C@H](O)[C@@H]1C/C=C/CCCC(=O)O,0
465,CCCC(C)(COC(N)=O)COC(=O)NC(C)C,0
466,O=C(NC(CO)C(O)c1ccc([N+](=O)[O-])cc1)C(Cl)Cl,0
467,CN(C)CCC(c1ccc(Cl)cc1)c1ccccn1,0
468,C[C@@H](NCCCc1cccc(C(F)(F)F)c1)c1cccc2ccccc12,0
469,COc1ccc(C[C@@H]2c3cc(OC)c(OC)cc3CC[N@+]2(C)CCC(=O)OCCCCCOC(=O)CC[N@@+]2(C)CCc3cc(OC)c(OC)cc3[C@H]2Cc2ccc(OC)c(OC)c2)cc1OC,0
470,CN1CCC[C@@H]1CCO[C@](C)(c1ccccc1)c1ccc(Cl)cc1,0
471,CCCC(=O)OCOC(=O)C1=C(C)NC(C)=C(C(=O)OC)C1c1cccc(Cl)c1Cl,0
472,COc1ccc2c3c1O[C@H]1[C@@H](O)C=C[C@H]4[C@@H](C2)N(C)CC[C@]314,0
473,Cc1nc2c([nH]1)CCN(C(=O)c1ccc(NC(=O)c3ccccc3-c3ccccc3)cc1)c1ccccc1-2,0
474,CC(=O)OCC(=O)[C@@]1(O)CC[C@H]2[C@@H]3CCC4=CC(=O)CC[C@]4(C)[C@H]3C(=O)C[C@@]21C,0
475,NC(=O)C(c1ccccc1)(c1ccccc1)[C@@H]1CCN(CCc2ccc3c(c2)CCO3)C1,0
476,COc1cccc2c1C(=O)c1c(O)c3c(c(O)c1C2=O)C[C@@](O)(C(C)=O)C[C@@H]3O[C@H]1C[C@H](N)[C@H](O)[C@H](C)O1,0
477,CC(C)(CO)C(O)C(=O)NCCCO,0
478,COc1ccc2c(c1)[C@]13CCCC[C@@H]1[C@H](C2)N(C)CC3,0
479,OC[C@H]1OC(O)[C@H](O)[C@@H](O)[C@@H]1O,0
480,CC(=O)Nc1c(I)c(NC(C)=O)c(I)c(C(=O)O)c1I,0
481,NS(=O)(=O)c1cc(Cl)c(Cl)c(S(N)(=O)=O)c1,0
482,CCN(CC)CCOC(=O)C1(C2CCCCC2)CCCCC1,0
483,CCN(CC)C(C)C(=O)c1ccccc1,0
484,C[C@H]1O[C@@H](O[C@H]2[C@@H](O)C[C@H](O[C@H]3[C@@H](O)C[C@H](O[C@H]4CC[C@]5(C)[C@H]6C[C@@H](O)[C@]7(C)C(C8=CC(=O)OC8)CC[C@]7(O)[C@@H]6CC[C@@H]5C4)O[C@@H]3C)O[C@@H]2C)C[C@H](O)[C@@H]1O,0
485,CN1C[C@H](C(=O)N[C@]2(C)O[C@@]3(O)[C@@H]4CCCN4C(=O)[C@H](Cc4ccccc4)N3C2=O)C[C@@H]2c3cccc4[nH]cc(c34)C[C@H]21,0
486,OCC(S)CS,0
487,CN(C)CCOC(c1ccccc1)c1ccccc1,0
488,CCOC(=O)C1(c2ccccc2)CCN(CCC(C#N)(c2ccccc2)c2ccccc2)CC1,0
489,CC(CCc1ccc(O)cc1)NCCc1ccc(O)c(O)c1,0
490,CN(CCOc1ccc(NS(C)(=O)=O)cc1)CCc1ccc(NS(C)(=O)=O)cc1,0
491,NCCc1ccc(O)c(O)c1,0
492,CCN1CC(CCN2CCOCC2)C(c2ccccc2)(c2ccccc2)C1=O,0
493,CN(C)CCOC(C)(c1ccccc1)c1ccccn1,0
494,O=C(CCCN1CC=C(n2c(=O)[nH]c3ccccc32)CC1)c1ccc(F)cc1,0
495,C[C@]12CCC3[C@@H](CC[C@H]4NC(=O)C=C[C@]34C)[C@@H]1CC[C@@H]2C(=O)Nc1cc(C(F)(F)F)ccc1C(F)(F)F,0
496,Cn1c(=O)c2c(ncn2CC(O)CO)n(C)c1=O,0
497,CC[N+](C)(C)c1cccc(O)c1,0
498,CN[C@@H](C)[C@H](O)c1ccccc1,0
499,CNC[C@H](O)c1ccc(O)c(O)c1,0
500,O=C(CNC(=O)c1ccccc1)CC(Cc1ccccc1)C(=O)O,0
501,NC(=O)C1CSSCCC(=O)NC(CCCCN=C(N)N)C(=O)NCC(=O)NC(CC(=O)O)C(=O)NC(Cc2c[nH]c3ccccc23)C(=O)N2CCCC2C(=O)N1,0
502,C=C1CC[C@H](O)C/C1=C/C=C1\CCC[C@@]2(C)[C@H]1CC[C@@H]2[C@H](C)/C=C/[C@H](C)C(C)C,0
503,COC(=O)CCc1ccc(OCC(O)CNC(C)C)cc1,0
504,Clc1ccc2c(c1)C(c1ccccc1)=NCc1nncn1-2,0
505,CC(O)(P(=O)(O)O)P(=O)(O)O,0
506,CCOC(=O)c1cncn1C(C)c1ccccc1,0
507,C/C(=N\O)[C@@H](C)NCC(C)(C)CN[C@H](C)/C(C)=N/O,0
508,Oc1ccc(C2CNCCc3c2cc(O)c(O)c3Cl)cc1,0
509,CC(C)C(=O)Oc1ccc(CO)cc1[C@H](CCN(C(C)C)C(C)C)c1ccccc1,0
510,CC(C)(C(=O)O)c1ccc(C(O)CCCN2CCC(C(O)(c3ccccc3)c3ccccc3)CC2)cc1,0
511,Cc1c(-c2ccccc2)oc2c(C(=O)OCCN3CCCCC3)cccc2c1=O,0
512,Nc1nc(F)nc2c1ncn2[C@@H]1O[C@H](COP(=O)(O)O)[C@@H](O)[C@@H]1O,0
513,C[C@]12C[C@H](O)[C@@]3(F)[C@@H](CCC4=CC(=O)CC[C@@]43C)[C@@H]1CC[C@]2(O)C(=O)CO,0
514,CCOC(=O)c1ncn2c1CN(C)C(=O)c1cc(F)ccc1-2,0
515,O=C1OC2(c3ccc(O)cc3Oc3cc(O)ccc32)c2ccccc21,0
516,Nc1nc2ncc(CNc3ccc(C(=O)N[C@@H](CCC(=O)O)C(=O)O)cc3)nc2c(=O)[nH]1,0
517,CN[C@@H]1CCc2[nH]c3ccc(C(N)=O)cc3c2C1,0
518,O=C(O)CN(CCN(CC(=O)O)CC(=O)O)CCN(CC(=O)O)C(COCc1ccccc1)C(=O)O,0
519,O=C([O-])CN(CCN(CC(=O)O)C[C@H](COP(=O)(O)OC1CCC(c2ccccc2)(c2ccccc2)CC1)N(CC(=O)[O-])CC(=O)[O-])CC(=O)O,0
520,CC(O)CN1CCN(CC(=O)O)CCN(CC(=O)O)CCN(CC(=O)O)CC1,0
521,COCCNC(=O)CN(CCN(CCN(CC(=O)O)CC(=O)NCCOC)CC(=O)O)CC(=O)O,0
522,O=C([O-])CCCO,0
523,C[N+]1(C)CCC(OC(=O)C(O)(c2ccccc2)C2CCCC2)C1,0
524,COc1ccccc1OCC(O)CO,0
525,NC(N)=NCCN1CCCCCCC1,0
526,NCCc1cnc[nH]1,0
527,C[C@]12C[C@H](O)[C@H]3[C@@H](CCC4=CC(=O)CC[C@@]43C)[C@@H]1CC[C@]2(O)C(=O)CO,0
528,OCCOCCN1CCN(C(c2ccccc2)c2ccc(Cl)cc2)CC1,0
529,CCCCCN(C)CCC(O)(P(=O)(O)O)P(=O)(O)O,0
530,CCCCCCCN(CC)CCCC(O)c1ccc(NS(C)(=O)=O)cc1,0
531,CC1(C)C(=CC=CC=CC=CC2=[N+](CCCCS(=O)(=O)[O-])c3ccc4ccccc4c3C2(C)C)N(CCCCS(=O)(=O)[O-])c2ccc3ccccc3c21,0
532,CNC(=O)c1c(I)c(NC(C)=O)c(I)c(C(=O)O)c1I,0
533,O=C(NCC(O)CO)c1c(I)c(C(=O)NCC(O)CO)c(I)c(N(CCO)C(=O)CO)c1I,0
534,CC(C)NCC(O)c1ccc(O)c(O)c1,0
535,O=[N+]([O-])O[C@H]1CO[C@H]2[C@@H]1OC[C@H]2O[N+](=O)[O-],0
536,CC(COc1ccccc1)NC(C)C(O)c1ccc(O)cc1,0
537,NC[C@H]1O[C@H](O[C@@H]2[C@@H](N)C[C@@H](N)[C@H](O[C@H]3O[C@H](CO)[C@@H](O)[C@H](N)[C@H]3O)[C@H]2O)[C@H](O)[C@@H](O)[C@@H]1O,0
538,OC[C@H]1O[C@](O)(CO)[C@@H](O)[C@@H]1O[C@@H]1O[C@H](CO)[C@H](O)[C@H](O)[C@H]1O,0
539,NC(N)=NCCC[C@H](N)C(=O)O,0
540,C[N+](C)(C)C[C@H](O)CC(=O)[O-],0
541,Nc1nc2c(c(=O)[nH]1)N(C=O)C(CNc1ccc(C(=O)N[C@H](CCC(=O)O)C(=O)O)cc1)CN2,0
542,CN1c2c(nc(N)[nH]c2=O)NC[C@@H]1CNc1ccc(C(=O)N[C@@H](CCC(=O)O)C(=O)O)cc1,0
543,C#C[C@]1(O)CC[C@H]2[C@@H]3CCC4=CC(=O)CC[C@@H]4[C@H]3CC[C@@]21CC,0
544,CN1CC[C@]23CCCC[C@H]2[C@H]1Cc1ccc(O)cc13,0
545,CCN(CC)CC(=O)Nc1c(C)cccc1C,0
546,N[C@@H](Cc1cc(I)c(Oc2ccc(O)c(I)c2)c(I)c1)C(=O)O,0
547,CSCC[C@H](N)C(=O)O,0
548,CN(C)C(=O)C(CCN1CCC(O)(c2ccc(Cl)cc2)CC1)(c1ccccc1)c1ccccc1,0
549,CCOC(=O)N1CCC(=C2c3ccc(Cl)cc3CCc3cccnc32)CC1,0
550,CCCCC(F)(F)[C@@]1(O)CC[C@@H]2[C@H](CCCCCCC(=O)O)C(=O)C[C@H]2O1,0
551,OCC(O)C(O)C(O)C(O)CO,0
552,CNC1(C)C2CCC(C2)C1(C)C,0
553,Cc1cccc(CN2CCN(C(c3ccccc3)c3ccc(Cl)cc3)CC2)c1,0
554,C[N+]1(C)CCCC(OC(=O)C(O)(c2ccccc2)c2ccccc2)C1,0
555,CCOC(=O)C1(c2ccccc2)CCN(C)CC1,0
556,Cc1cccc(C)c1NC(=O)C1CCCCN1C,0
557,CCCC(C)(COC(N)=O)COC(N)=O,0
558,CN[C@@H](C)Cc1ccccc1,0
559,CN1C(=O)CC(C)(c2ccccc2)C1=O,0
560,CC[C@@H](CO)NC(=O)[C@@H]1C=C2c3cccc4[nH]cc(c34)C[C@H]2N(C)C1,0
561,C[N+]1(CC2CC2)CC[C@]23c4c5ccc(O)c4O[C@H]2C(=O)CC[C@@]3(O)[C@H]1C5,0
562,C[N+]1(C)C2CC(OC(=O)C(CO)c3ccccc3)CC1C1OC12,0
563,CC[C@@H](CO)NC(=O)[C@@H]1C=C2c3cccc4c3c(cn4C)C[C@H]2N(C)C1,0
564,CC(C)(C(=O)c1cccnc1)c1cccnc1,0
565,C[C@](N)(Cc1ccc(O)cc1)C(=O)O,0
566,Cc1ncc2n1-c1ccc(Cl)cc1C(c1ccccc1F)=NC2,0
567,COc1ccc(OC)c(C(O)CNC(=O)CN)c1,0
568,CC#C[C@]1(O)CC[C@H]2[C@@H]3CCC4=CC(=O)CCC4=C3[C@@H](c3ccc(N(C)C)cc3)C[C@@]21C,0
569,OCCN1C[C@H](O)[C@@H](O)[C@H](O)[C@H]1CO,0
570,CCCCN1C[C@H](O)[C@@H](O)[C@H](O)[C@H]1CO,0
571,N=c1nc(N2CCCCC2)cc(N)n1O,0
572,Clc1ccc(C(c2ccccc2Cl)C(Cl)Cl)cc1,0
573,CN1CC[C@]23c4c5ccc(O)c4O[C@H]2[C@@H](O)C=C[C@H]3[C@H]1C5,0
574,CCCCCCC(C)(C)c1cc(O)c2c(c1)OC(C)(C)[C@@H]1CCC(=O)C[C@@H]21,0
575,Oc1ccc2c3c1OC1[C@@H](O)CC[C@@]4(O)[C@@H](C2)N(CC2CCC2)CC[C@]314,0
576,C=CCN1CC[C@]23c4c5ccc(O)c4O[C@H]2C(=O)CC[C@@]3(O)[C@H]1C5,0
577,NCC1OC(OC2C(CO)OC(OC3C(O)C(N)CC(N)C3OC3OC(CN)C(O)C(O)C3N)C2O)C(N)C(O)C1O,0
578,CC(=O)Oc1ccccc1C(=O)Nc1ncc([N+](=O)[O-])s1,0
579,O=[N+]([O-])OCC(CO[N+](=O)[O-])O[N+](=O)[O-],0
580,NC[C@H](O)c1ccc(O)c(O)c1,0
581,C#CC1(OC(C)=O)CCC2C3CCC4=CC(=O)CCC4C3CCC21C,0
582,CC1/C=C/C=C/CC/C=C/C=C/C=C/C=C/C(OC2O[C@H](C)[C@@H](O)[C@H](N)[C@@H]2O)CC(O)C(C(=O)O)C(O)CC(=O)CC(O)C(O)CCC(O)CC(O)CC(O)CC(=O)OC(C)C(C)C1O,0
583,CC(C)NCC(O)c1cc(O)cc(O)c1,0
584,Cc1ccccc1C(OCCN(C)C)c1ccccc1,0
585,CCN(CC)CC#CCOC(=O)C(O)(c1ccccc1)C1CCCCC1,0
586,COc1ccc2c3c1O[C@H]1C(=O)CC[C@@]4(O)[C@@H](C2)N(C)CC[C@]314,0
587,CN1CC[C@]23c4c5ccc(O)c4O[C@H]2C(=O)CC[C@@]3(O)[C@H]1C5,0
588,Cc1nc2n(c(=O)c1CCN1CCC(c3noc4cc(F)ccc34)CC1)CCCC2O,0
589,Cn1c(=O)c2[nH]c(Br)nc2n(C)c1=O,0
590,CC(=O)O[C@H]1C[C@@H]2CC[C@@H]3[C@H](CC[C@@]4(C)[C@H]3C[C@H]([N+]3(C)CCCCC3)[C@@H]4OC(C)=O)[C@@]2(C)C[C@@H]1[N+]1(C)CCCCC1,0
591,NC[C@@H]1O[C@H](O[C@@H]2[C@@H](CO)O[C@@H](O[C@@H]3[C@@H](O)[C@H](N)C[C@H](N)[C@H]3O[C@H]3O[C@H](CO)[C@@H](O)[C@H](O)[C@H]3N)[C@@H]2O)[C@H](N)[C@@H](O)[C@@H]1O,0
592,COc1ccc(N(C)C)cc1CN[C@H]1CCCN[C@H]1c1ccccc1,0
593,CC(C)(C)NC[C@H](O)COc1ccccc1C1CCCC1,0
594,CC1(C)S[C@@H]2[C@H](NC(=O)COc3ccccc3)C(=O)N2[C@H]1C(=O)O,0
595,CSCC[C@H](NC(=O)[C@H](Cc1c[nH]c2ccccc12)NC(=O)CCNC(=O)OCC(C)C)C(=O)N[C@@H](CC(=O)O)C(=O)N[C@@H](Cc1ccccc1)C(N)=O,0
596,CC(C)=CCN1CC[C@@]2(C)c3cc(O)ccc3C[C@@H]1[C@@H]2C,0
597,O=C(O)CN(CCN(CC(=O)O)CC(=O)O)CCN(CC(=O)O)CC(=O)O,0
598,FC(F)(F)C(F)(F)C(F)(F)F,0
599,CC1C(c2ccccc2)OCCN1C,0
600,CC(COc1ccccc1)N(CCCl)Cc1ccccc1,0
601,Cc1ccc(N(CC2=NCCN2)c2cccc(O)c2)cc1,0
602,CNC(=O)Oc1ccc2c(c1)[C@]1(C)CCN(C)[C@@H]1N2C,0
603,CC(=CCC1=C(C)C(=O)c2ccccc2C1=O)CCCC(C)CCCC(C)CCCC(C)C,0
604,O=c1[nH]c2ccccc2n1C1CCN(CCCC(c2ccc(F)cc2)c2ccc(F)cc2)CC1,0
605,CC(C)NCC(O)COc1cccc2[nH]ccc12,0
606,c1cc(CN2CCCNCCNCCCNCC2)ccc1CN1CCCNCCNCCCNCC1,0
607,COc1cc(NC(C)CCCN)c2ncccc2c1,0
608,CCC1(c2ccccc2)C(=O)NCNC1=O,0
609,OC(CCN1CCCC1)(c1ccccc1)C1CCCCC1,0
610,CC(C)[N+](C)(CCOC(=O)C1c2ccccc2Oc2ccccc21)C(C)C,0
611,NC(=O)[C@@H]1CCCN1C(=O)[C@H](Cc1cnc[nH]1)NC(=O)[C@@H]1CCC(=O)N1,0
612,CNCCCC1c2ccccc2C=Cc2ccccc21,0
613,CN[C@@H](C)[C@@H](O)c1ccccc1,0
614,CN1CCCN=C1/C=C/c1cccs1,0
615,CN(C)C(=O)Oc1ccc[n+](C)c1,0
616,Cc1ncc(CO)c(CO)c1O,0
617,Fc1ccccc1C1=NCC(=S)N(CC(F)(F)F)c2ccc(Cl)cc21,0
618,O=C(c1ccc(OCCN2CCCCC2)cc1)c1c(-c2ccc(O)cc2)sc2cc(O)ccc12,0
619,CCC(=O)NCC[C@@H]1CCc2ccc3c(c21)CCO3,0
620,COc1ccccc1OCC(O)CN1CCN(CC(=O)Nc2c(C)cccc2C)CC1,0
621,CNC(=O)c1cnn(-c2nc(N)c3ncn([C@@H]4O[C@H](CO)[C@@H](O)[C@H]4O)c3n2)c1,0
622,COC(=O)[C@H]1[C@H]2C[C@@H]3c4[nH]c5cc(OC)ccc5c4CCN3C[C@H]2C[C@@H](OC(=O)c2cc(OC)c(OC)c(OC)c2)[C@@H]1OC,0
623,Cc1cc2nc3c(=O)[nH]c(=O)nc-3n(C[C@@H](O)[C@@H](O)[C@@H](O)CO)c2cc1C,0
624,CC(N)C12CC3CC(CC(C3)C1)C2,0
625,CN(C)CCc1c[nH]c2ccc(Cn3cncn3)cc12,0
626,C=CC[N+]1([C@H]2C[C@H]3[C@@H]4CC[C@H]5C[C@H](O)[C@@H](N6CCOCC6)C[C@]5(C)[C@H]4CC[C@]3(C)[C@H]2OC(C)=O)CCCC1,0
627,C/C=C1\NC(=O)[C@H]2CSSCC/C=C/[C@H](CC(=O)N[C@H](C(C)C)C(=O)N2)OC(=O)[C@H](C(C)C)NC1=O,0
628,CC(C)(C)NCC(O)c1ccc(O)c(CO)c1,0
629,N#C[C@@H]1C[C@@H]2C[C@@H]2N1C(=O)[C@@H](N)C12CC3CC(CC(O)(C3)C1)C2,0
630,CN1C2CC(OC(=O)C(CO)c3ccccc3)CC1C1OC12,0
631,C#CCN(C)[C@H](C)Cc1ccccc1,0
632,[13CH3]C(O)C(=O)[O-],0
633,C=Cc1ccccc1S(=O)(=O)O,0
634,OC[C@H](O)[C@H](O)[C@@H](O)[C@H](O)CO,0
635,CN[C@@H]1[C@H](O[C@H]2[C@H](O[C@@H]3[C@@H](N=C(N)N)[C@H](O)[C@@H](N=C(N)N)[C@H](O)[C@H]3O)O[C@@H](C)[C@]2(O)C=O)O[C@@H](CO)[C@H](O)[C@H]1O,0
636,C[N+](C)(C)CCOC(=O)CCC(=O)OCC[N+](C)(C)C,0
637,O=S(=O)(O)OC[C@H]1O[C@@H](O[C@]2(COS(=O)(=O)O)O[C@H](OS(=O)(=O)O)[C@@H](OS(=O)(=O)O)[C@@H]2OS(=O)(=O)O)[C@H](OS(=O)(=O)O)[C@@H](OS(=O)(=O)O)[C@@H]1OS(=O)(=O)O,0
638,CCC(=O)N(c1ccccc1)C1(COC)CCN(CCc2cccs2)CC1,0
639,CCC(c1cccc(O)c1)C(C)CN(C)C,0
640,COc1cc2nc(N3CCN(C(=O)C4CCCO4)CC3)nc(N)c2cc1OC,0
641,CC(O)C(O)C1CNc2nc(N)[nH]c(=O)c2N1,0
642,Cn1c(=O)c2[nH]cnc2n(C)c1=O,0
643,Cc1ncc(C[n+]2csc(CCO)c2C)c(N)n1,0
644,O=P(O)(O)C(Sc1ccc(Cl)cc1)P(=O)(O)O,0
645,CCCCS(=O)(=O)N[C@@H](Cc1ccc(OCCCCC2CCNCC2)cc1)C(=O)O,0
646,Cc1ccc(O)c([C@@H](CCN(C(C)C)C(C)C)c2ccccc2)c1,0
647,CC[C@@]1(O)C(=O)OCc2c1cc1n(c2=O)Cc2cc3c(CN(C)C)c(O)ccc3nc2-1,0
648,NCC1CCC(C(=O)O)CC1,0
649,NCCNCCNCCN,0
650,OC(CCN1CCCCC1)(c1ccccc1)C1CCCCC1,0
651,Cc1ccc(/C(=C\CN2CCCC2)c2ccccn2)cc1,0
652,O=C(OC1CC2CC[C@@H](C1)[N+]21CCCC1)C(O)(c1ccccc1)c1ccccc1,0
653,NCCc1ccc(O)cc1,0
654,CCC(C)C1NC(=O)C(Cc2ccc(O)cc2)NC(=O)C(N)CSSCC(C(=O)N2CCCC2C(=O)NC(CC(C)C)C(=O)NCC(N)=O)NC(=O)C(CC(N)=O)NC(=O)C(C(C)O)NC1=O,0
655,CC(=O)O[C@H]1C[C@@H]2CC[C@@H]3[C@H](CC[C@@]4(C)[C@H]3C[C@H]([N+]3(C)CCCCC3)[C@@H]4OC(C)=O)[C@@]2(C)C[C@@H]1N1CCCCC1,0
656,CC[C@]1(O)C[C@@H]2CN(CCc3c([nH]c4ccccc34)[C@@](C(=O)OC)(c3cc4c(cc3OC)N(C)[C@H]3[C@@](O)(C(=O)OC)[C@H](OC(C)=O)[C@]5(CC)C=CCN6CC[C@]43[C@@H]65)C2)C1,0
657,O=C1OC([C@@H](O)CO)C(=O)C1O,0
658,Cc1c(C)c2c(c(C)c1O)CC[C@@](C)(CCC[C@H](C)CCC[C@H](C)CCCC(C)C)O2,0
659,O=C(CCCCCCC(=O)Nc1ccccc1)NO,0
660,CCN(C(C)=O)c1cccc(-c2ccnc3c(C#N)cnn23)c1,0
