,precision,recall,specificity,balanced_accuracy,accuracy,MCC
RF_Predictions_MD_external_test,0.477±0.026,0.476±0.019,0.722±0.023,0.599±0.018,0.637±0.019,0.199±0.036
RF_Predictions_ECFP4_external_test,0.427±0.026,0.435±0.041,0.688±0.044,0.561±0.017,0.6±0.022,0.123±0.035
RF_Anika_PT_red_external_test,0.349±0.066,0.218±0.056,0.781±0.051,0.499±0.025,0.586±0.027,-0.0±0.062
RF_Predictions_PT_external_test,0.469±0.045,0.447±0.074,0.731±0.04,0.589±0.035,0.633±0.029,0.181±0.069
RF_Anika_MD_red_external_test,0.432±0.052,0.394±0.028,0.722±0.043,0.558±0.032,0.608±0.034,0.12±0.067
RF_Anika_ECFP_red_external_test,0.364±0.035,0.335±0.028,0.684±0.052,0.51±0.023,0.563±0.031,0.021±0.048
