,precision,recall,specificity,balanced_accuracy,accuracy,MCC
SVM_Predictions_MD_external_test,0.405±0.076,0.465±0.076,0.634±0.057,0.55±0.066,0.576±0.063,0.097±0.128
SVM_Predictions_ECFP4_external_test,0.524±0.0,0.647±0.0,0.688±0.0,0.667±0.0,0.673±0.0,0.322±0.0
SVM_Anika_PT_red_external_test,0.49±0.098,0.424±0.146,0.731±0.142,0.577±0.018,0.624±0.045,0.172±0.052
SVM_Predictions_PT_external_test,0.406±0.02,0.671±0.074,0.481±0.016,0.576±0.03,0.547±0.016,0.147±0.059
SVM_Anika_MD_red_external_test,0.393±0.014,0.471±0.0,0.612±0.022,0.542±0.011,0.563±0.014,0.08±0.022
SVM_Anika_ECFP_red_external_test,0.417±0.015,0.506±0.03,0.625±0.0,0.565±0.015,0.584±0.011,0.126±0.029
